0,2000d918206f9a0afc717d0f01f0c3e0aa741ee4
23182,f69be111ef302822f397294825694f281c81f706
0,2000d918206f9a0afc717d0f01f0c3e0aa741ee4
11591,4f91eedd00d8c97d7ba83b4b45b67d199b3a7f62
0,2000d918206f9a0afc717d0f01f0c3e0aa741ee4
5795,0199170782a9878c9bfaa682ee8269a22bd1c512
0,2000d918206f9a0afc717d0f01f0c3e0aa741ee4
2897,f6fa003d681ae1b97bccbbb72fc5f0f1c70d0528
0,2000d918206f9a0afc717d0f01f0c3e0aa741ee4
1448,7b439c64da0622462e30d8a1183f4a7525007768
0,2000d918206f9a0afc717d0f01f0c3e0aa741ee4
724,d630e0b8d03e606d4ca6f135c385dc492af2d5f6
0,2000d918206f9a0afc717d0f01f0c3e0aa741ee4
362,51c04b049f0e51d345693b70d4a49659ae751efa
0,2000d918206f9a0afc717d0f01f0c3e0aa741ee4
181,f9a4f1f7bca2d33a13e6ffdd5ca1453fa73a5fa4
0,2000d918206f9a0afc717d0f01f0c3e0aa741ee4
90,3b7a80f355aee304612a2f409818120e1ca414d1
0,2000d918206f9a0afc717d0f01f0c3e0aa741ee4
45,cc83e98defec91b23464b294dbebbbf6787cb3f9
0,2000d918206f9a0afc717d0f01f0c3e0aa741ee4
22,4e7fc47089d449ab0bf8be2e8da556338d828a93
0,2000d918206f9a0afc717d0f01f0c3e0aa741ee4
11,9c7dfc5d4dd14eda823b1b2b8bb8cd433c723f71
0,2000d918206f9a0afc717d0f01f0c3e0aa741ee4
5,372d70bd3056b0ba961f317acc05f2cba121a3e2
0,2000d918206f9a0afc717d0f01f0c3e0aa741ee4
2,4c7d7d4959c08d832b07ea9bb7210794833f5a01
1,07deaf2e72f37585251e7e8ede12ecb0eb3d0682
2,4c7d7d4959c08d832b07ea9bb7210794833f5a01
2,4c7d7d4959c08d832b07ea9bb7210794833f5a01
5,372d70bd3056b0ba961f317acc05f2cba121a3e2
3,7b79fc0a689d087ebea1e89beafa6821179a17bb
5,372d70bd3056b0ba961f317acc05f2cba121a3e2
3,7b79fc0a689d087ebea1e89beafa6821179a17bb
4,e25d4468b038763aeca7e76676f0f05b4021f293
4,e25d4468b038763aeca7e76676f0f05b4021f293
5,372d70bd3056b0ba961f317acc05f2cba121a3e2
5,372d70bd3056b0ba961f317acc05f2cba121a3e2
11,9c7dfc5d4dd14eda823b1b2b8bb8cd433c723f71
5,372d70bd3056b0ba961f317acc05f2cba121a3e2
8,411c89d442a03a62ea100456c3e1c1cd5611e206
5,372d70bd3056b0ba961f317acc05f2cba121a3e2
6,244ecd93b31aebf954d86cc57203dacbed4e97c5
6,244ecd93b31aebf954d86cc57203dacbed4e97c5
8,411c89d442a03a62ea100456c3e1c1cd5611e206
7,c1ca97646227bacb8d86d086a608090695138b28
8,411c89d442a03a62ea100456c3e1c1cd5611e206
8,411c89d442a03a62ea100456c3e1c1cd5611e206
11,9c7dfc5d4dd14eda823b1b2b8bb8cd433c723f71
8,411c89d442a03a62ea100456c3e1c1cd5611e206
9,0a858f3599a4571f109c0464ccbc9221e232f106
9,0a858f3599a4571f109c0464ccbc9221e232f106
11,9c7dfc5d4dd14eda823b1b2b8bb8cd433c723f71
9,0a858f3599a4571f109c0464ccbc9221e232f106
10,73ae50987b1602d6876dc9837aef830b5a291f94
10,73ae50987b1602d6876dc9837aef830b5a291f94
11,9c7dfc5d4dd14eda823b1b2b8bb8cd433c723f71
11,9c7dfc5d4dd14eda823b1b2b8bb8cd433c723f71
22,4e7fc47089d449ab0bf8be2e8da556338d828a93
11,9c7dfc5d4dd14eda823b1b2b8bb8cd433c723f71
16,ad56164ee6740b3f282c26cc9092281460e60fce
13,18fcd3237049884d4e23c5deea6e292007a9e778
16,ad56164ee6740b3f282c26cc9092281460e60fce
14,28c6107406896e695daff36ec5c636c4371a62f3
16,ad56164ee6740b3f282c26cc9092281460e60fce
45,cc83e98defec91b23464b294dbebbbf6787cb3f9
90,3b7a80f355aee304612a2f409818120e1ca414d1
67,740295be23ef44932a25a21456d46799749f77dc
90,3b7a80f355aee304612a2f409818120e1ca414d1
78,5f451888cf4b9a607185cecd642ace8337df8082
90,3b7a80f355aee304612a2f409818120e1ca414d1
84,17b78ee469f9ab4678c9aa823663f0cd4871b1fc
90,3b7a80f355aee304612a2f409818120e1ca414d1
84,17b78ee469f9ab4678c9aa823663f0cd4871b1fc
87,e9fb0fcbedf7208d62342b31772168f72637e558
84,17b78ee469f9ab4678c9aa823663f0cd4871b1fc
85,7aecb0eff2d9ba0db99f2dc8c555d2f2fbd963b0
90,3b7a80f355aee304612a2f409818120e1ca414d1
181,f9a4f1f7bca2d33a13e6ffdd5ca1453fa73a5fa4
90,3b7a80f355aee304612a2f409818120e1ca414d1
135,f14c355422dcf6472856ad865e61d4aad9d051fb
90,3b7a80f355aee304612a2f409818120e1ca414d1
112,33132b10b4d5c73f07dd9f1aece49ddd783c9055
90,3b7a80f355aee304612a2f409818120e1ca414d1
101,c6ee15ef0eb47cd352c237112af211b8cedb4f55
95,d0c4a28a8a2c68b1ca7da4320260173150a4d6ea
101,c6ee15ef0eb47cd352c237112af211b8cedb4f55
98,1fdcfdd612b044725439051a58a045346b626698
101,c6ee15ef0eb47cd352c237112af211b8cedb4f55
98,1fdcfdd612b044725439051a58a045346b626698
99,8ca9776b509ac81f3c6871b02cbc9a840816c7a5
112,33132b10b4d5c73f07dd9f1aece49ddd783c9055
135,f14c355422dcf6472856ad865e61d4aad9d051fb
112,33132b10b4d5c73f07dd9f1aece49ddd783c9055
123,f07bdac47cb16edb97e3346433425cffdd08ee06
117,c641f3a18ac496958edc99f078c68758f3d3c275
123,f07bdac47cb16edb97e3346433425cffdd08ee06
117,c641f3a18ac496958edc99f078c68758f3d3c275
120,34ba6fccd3ca33806c061bf99150b00bdc5483a9
118,b6a73feffa4c7d004baacc800f05aa4e9db32bbd
120,34ba6fccd3ca33806c061bf99150b00bdc5483a9
123,f07bdac47cb16edb97e3346433425cffdd08ee06
135,f14c355422dcf6472856ad865e61d4aad9d051fb
123,f07bdac47cb16edb97e3346433425cffdd08ee06
129,28ea85482b9332de21e78d035142e09b2b29f8d5
126,c9f157e40d49a2f9a6986a0101ffc33d56631f9c
129,28ea85482b9332de21e78d035142e09b2b29f8d5
127,3f2df72aeaae3eb8e3907bc0ebcc62dc2be16189
129,28ea85482b9332de21e78d035142e09b2b29f8d5
127,3f2df72aeaae3eb8e3907bc0ebcc62dc2be16189
128,8c47320a36a0cbc1b3c824a59bb42d38fae558a2
129,28ea85482b9332de21e78d035142e09b2b29f8d5
135,f14c355422dcf6472856ad865e61d4aad9d051fb
132,2060e05a33f21b9f5ce0a63e3d32111e6839bd6f
135,f14c355422dcf6472856ad865e61d4aad9d051fb
132,2060e05a33f21b9f5ce0a63e3d32111e6839bd6f
133,c075e315e3ac84c0c0410360a0dac3ceefa634bb
135,f14c355422dcf6472856ad865e61d4aad9d051fb
181,f9a4f1f7bca2d33a13e6ffdd5ca1453fa73a5fa4
135,f14c355422dcf6472856ad865e61d4aad9d051fb
158,8c98033b185bd65de7b2348ef430a065e34b4e7f
135,f14c355422dcf6472856ad865e61d4aad9d051fb
146,79bf1d54d698b0e5c636aea2fc0280714a28c3bf
140,6d989cfffad12038576cd6a1f07dc3683c7f792a
146,79bf1d54d698b0e5c636aea2fc0280714a28c3bf
140,6d989cfffad12038576cd6a1f07dc3683c7f792a
143,56fb1a0aa2c49c0924ee8356b4b04864f2fc09e8
140,6d989cfffad12038576cd6a1f07dc3683c7f792a
141,5b8509436a60728d00b3344f3986fd8ea8a02cc0
158,8c98033b185bd65de7b2348ef430a065e34b4e7f
181,f9a4f1f7bca2d33a13e6ffdd5ca1453fa73a5fa4
158,8c98033b185bd65de7b2348ef430a065e34b4e7f
169,3216d082d1c992359cbc71f5078cbf03cd0e2b7e
163,69e3a258b9c9b324e08ff5d1c6009bab2813c9a4
169,3216d082d1c992359cbc71f5078cbf03cd0e2b7e
181,f9a4f1f7bca2d33a13e6ffdd5ca1453fa73a5fa4
362,51c04b049f0e51d345693b70d4a49659ae751efa
181,f9a4f1f7bca2d33a13e6ffdd5ca1453fa73a5fa4
271,097e49009b23d24092dfa358a51fd7ddc103c558
181,f9a4f1f7bca2d33a13e6ffdd5ca1453fa73a5fa4
226,9a670fb30aae8a4be65bb063d381d76bb5aaa9ec
181,f9a4f1f7bca2d33a13e6ffdd5ca1453fa73a5fa4
203,21e41175362cae9b8df32f605a11b7ca8279515a
181,f9a4f1f7bca2d33a13e6ffdd5ca1453fa73a5fa4
192,5c574c519c1291734fde13bd0d1f9578919df4c1
181,f9a4f1f7bca2d33a13e6ffdd5ca1453fa73a5fa4
186,a621820685a68d51d822aed14786936fa7ce5cf6
183,f153ddf4d6d1ef4156dc62f184c9a8da64343250
186,a621820685a68d51d822aed14786936fa7ce5cf6
183,f153ddf4d6d1ef4156dc62f184c9a8da64343250
184,764611455d1ef91e529ff37c83d3405709bb0fd7
186,a621820685a68d51d822aed14786936fa7ce5cf6
192,5c574c519c1291734fde13bd0d1f9578919df4c1
186,a621820685a68d51d822aed14786936fa7ce5cf6
189,e1ea7ed088c597c12b994b868e58ac4c2d603d9c
187,177244775c5ac9f6e455fe8f736f85f2109d9bfb
189,e1ea7ed088c597c12b994b868e58ac4c2d603d9c
187,177244775c5ac9f6e455fe8f736f85f2109d9bfb
188,0f4e19ff79912b8fe98a5c9836c4e276e3ff19d3
192,5c574c519c1291734fde13bd0d1f9578919df4c1
203,21e41175362cae9b8df32f605a11b7ca8279515a
192,5c574c519c1291734fde13bd0d1f9578919df4c1
197,14f4224b3b6a6a63cab7e1cd6099d6f9a4a12202
192,5c574c519c1291734fde13bd0d1f9578919df4c1
194,df4bf33252b496978afa125a6a4c525702085f8c
192,5c574c519c1291734fde13bd0d1f9578919df4c1
193,291c4db43b1fe0cedb627fba15ca03cf506234d6
193,291c4db43b1fe0cedb627fba15ca03cf506234d6
194,df4bf33252b496978afa125a6a4c525702085f8c
194,df4bf33252b496978afa125a6a4c525702085f8c
197,14f4224b3b6a6a63cab7e1cd6099d6f9a4a12202
194,df4bf33252b496978afa125a6a4c525702085f8c
195,8627b033292f855fa3b5c59ad0687eeb95636955
197,14f4224b3b6a6a63cab7e1cd6099d6f9a4a12202
203,21e41175362cae9b8df32f605a11b7ca8279515a
203,21e41175362cae9b8df32f605a11b7ca8279515a
226,9a670fb30aae8a4be65bb063d381d76bb5aaa9ec
203,21e41175362cae9b8df32f605a11b7ca8279515a
214,0e8a6cbcf55d3ca78bb77495e38dfbeacad8f20a
203,21e41175362cae9b8df32f605a11b7ca8279515a
208,3f372ae368e5b3ff6ed9036c0c218cfea996514f
203,21e41175362cae9b8df32f605a11b7ca8279515a
205,24dbda0a93a4f01720ac452d43b6057828bc8633
204,42a8de9d5fc5381bf3f0ef37d555175357781d44
205,24dbda0a93a4f01720ac452d43b6057828bc8633
205,24dbda0a93a4f01720ac452d43b6057828bc8633
208,3f372ae368e5b3ff6ed9036c0c218cfea996514f
205,24dbda0a93a4f01720ac452d43b6057828bc8633
206,96117496c3f6ff47d675e571d024f6b3368ccafb
206,96117496c3f6ff47d675e571d024f6b3368ccafb
208,3f372ae368e5b3ff6ed9036c0c218cfea996514f
208,3f372ae368e5b3ff6ed9036c0c218cfea996514f
214,0e8a6cbcf55d3ca78bb77495e38dfbeacad8f20a
208,3f372ae368e5b3ff6ed9036c0c218cfea996514f
211,8524c5d79f85cbc5f4548813e6146e2aa3527da6
208,3f372ae368e5b3ff6ed9036c0c218cfea996514f
209,05090c5f2ee6c4c3d021bdb856d780e4a3ae7785
211,8524c5d79f85cbc5f4548813e6146e2aa3527da6
214,0e8a6cbcf55d3ca78bb77495e38dfbeacad8f20a
214,0e8a6cbcf55d3ca78bb77495e38dfbeacad8f20a
226,9a670fb30aae8a4be65bb063d381d76bb5aaa9ec
220,0a2d9b1393843770a5092de4484d5e631eece71d
226,9a670fb30aae8a4be65bb063d381d76bb5aaa9ec
223,1b7b385cb8907c7b57ecf3187075d03973e834b0
226,9a670fb30aae8a4be65bb063d381d76bb5aaa9ec
224,457f7302482971b08cb4a73d185374c6fe59c43b
226,9a670fb30aae8a4be65bb063d381d76bb5aaa9ec
224,457f7302482971b08cb4a73d185374c6fe59c43b
225,91876efe4c3da198dc5da8277f9ed769f47a443b
271,097e49009b23d24092dfa358a51fd7ddc103c558
362,51c04b049f0e51d345693b70d4a49659ae751efa
316,9f51a5c2d146e04bc687d4b4912f1bc488128117
362,51c04b049f0e51d345693b70d4a49659ae751efa
316,9f51a5c2d146e04bc687d4b4912f1bc488128117
339,4cb5a476a4bc7561d8236e26a90b523ad1532768
339,4cb5a476a4bc7561d8236e26a90b523ad1532768
362,51c04b049f0e51d345693b70d4a49659ae751efa
350,72576f5ce834a636526a4f3f38b807579a65e93e
362,51c04b049f0e51d345693b70d4a49659ae751efa
362,51c04b049f0e51d345693b70d4a49659ae751efa
724,d630e0b8d03e606d4ca6f135c385dc492af2d5f6
362,51c04b049f0e51d345693b70d4a49659ae751efa
543,f7264b2e34f4159b3328165bb5e48423ab1b8920
362,51c04b049f0e51d345693b70d4a49659ae751efa
452,f86f9a318e8d72d020a065c36a707555eed81afa
362,51c04b049f0e51d345693b70d4a49659ae751efa
407,082a2d69d135b1bd343039c66758251a589981be
362,51c04b049f0e51d345693b70d4a49659ae751efa
384,b7dd836ad01c3fa315fe95f48496d874b4337939
362,51c04b049f0e51d345693b70d4a49659ae751efa
373,3f247d4f1f4c610e0d6d3cf9794867d2c370a30c
362,51c04b049f0e51d345693b70d4a49659ae751efa
367,5bd32810885e589a47d394d0900a7659938dae1f
364,3fa55515cbb817b21c48b4430fd7e99464c728c7
367,5bd32810885e589a47d394d0900a7659938dae1f
365,7be36544a60c1894d2773f25bf0de27dcdaf7ab9
367,5bd32810885e589a47d394d0900a7659938dae1f
365,7be36544a60c1894d2773f25bf0de27dcdaf7ab9
366,45c3a4224042204a9ec0e17039ed079fd724c465
373,3f247d4f1f4c610e0d6d3cf9794867d2c370a30c
384,b7dd836ad01c3fa315fe95f48496d874b4337939
378,42ba58f4f8b608ca0010d6d83058bce6b8b520c8
384,b7dd836ad01c3fa315fe95f48496d874b4337939
378,42ba58f4f8b608ca0010d6d83058bce6b8b520c8
381,6430ba31759c77c020a48964f9718d8e195a115a
378,42ba58f4f8b608ca0010d6d83058bce6b8b520c8
379,fc447b1b873a734b5fe7acbdfe4c95497178087a
384,b7dd836ad01c3fa315fe95f48496d874b4337939
407,082a2d69d135b1bd343039c66758251a589981be
395,1122352e81010a96fcabe13c6c4e8dc18f4c3b58
407,082a2d69d135b1bd343039c66758251a589981be
407,082a2d69d135b1bd343039c66758251a589981be
452,f86f9a318e8d72d020a065c36a707555eed81afa
407,082a2d69d135b1bd343039c66758251a589981be
429,03f4f88fe8fd464b4657c898bb3e291fee2611a3
418,934ddf58e49943d7f37ce2176b518db52168580b
429,03f4f88fe8fd464b4657c898bb3e291fee2611a3
423,c23cccc41d69c94db89048257125e6cd58a8d71c
429,03f4f88fe8fd464b4657c898bb3e291fee2611a3
426,bf5f3e3680ae5220a2fdd487e0ac4f32dcf42859
429,03f4f88fe8fd464b4657c898bb3e291fee2611a3
429,03f4f88fe8fd464b4657c898bb3e291fee2611a3
452,f86f9a318e8d72d020a065c36a707555eed81afa
429,03f4f88fe8fd464b4657c898bb3e291fee2611a3
440,c0d9063f3b028a4810676d24fed974853e45370f
434,511c74a7ce8c62c992e7799423b143e86861bec3
440,c0d9063f3b028a4810676d24fed974853e45370f
434,511c74a7ce8c62c992e7799423b143e86861bec3
437,bc08923c640e0ead73abb625889ae83e28f1556b
434,511c74a7ce8c62c992e7799423b143e86861bec3
435,8d060bf1a211de063ab0b83e59f02c0bb6373292
452,f86f9a318e8d72d020a065c36a707555eed81afa
543,f7264b2e34f4159b3328165bb5e48423ab1b8920
452,f86f9a318e8d72d020a065c36a707555eed81afa
497,f0a45113662632db0efabbf42ee85fdb936a54bc
452,f86f9a318e8d72d020a065c36a707555eed81afa
474,5863cefcbf996d8bda0b43320be04ff2b032b2c5
452,f86f9a318e8d72d020a065c36a707555eed81afa
463,444307592dbbe0b03659ca35facda5bf9360ddf3
457,eaf6771a4016baf3f5bfee6f7bf983cb80339051
463,444307592dbbe0b03659ca35facda5bf9360ddf3
463,444307592dbbe0b03659ca35facda5bf9360ddf3
474,5863cefcbf996d8bda0b43320be04ff2b032b2c5
463,444307592dbbe0b03659ca35facda5bf9360ddf3
468,7c856dcd3e3cf384e141a58b14d6f3cb6058a0d0
463,444307592dbbe0b03659ca35facda5bf9360ddf3
465,d5ba7aec6bf7df78cff316ed9215a5412cd6f15e
463,444307592dbbe0b03659ca35facda5bf9360ddf3
464,a898845a5afa32d00f7c5a717869fb3a50e562da
497,f0a45113662632db0efabbf42ee85fdb936a54bc
543,f7264b2e34f4159b3328165bb5e48423ab1b8920
497,f0a45113662632db0efabbf42ee85fdb936a54bc
520,805c7ad99f5dc738a1e18b47f2e142502dcb37e0
497,f0a45113662632db0efabbf42ee85fdb936a54bc
508,e4bf5498b261611c58580d7324ce5df9dd1400ed
497,f0a45113662632db0efabbf42ee85fdb936a54bc
502,aaf931ff9e27fe0bccb6015fa78118796a26090f
499,b19d110de6ad2fa68bd407d7bab776af91f33aa1
502,aaf931ff9e27fe0bccb6015fa78118796a26090f
499,b19d110de6ad2fa68bd407d7bab776af91f33aa1
500,64b8e4aa48c2805ae1a007b1098e4ed1b7e89993
502,aaf931ff9e27fe0bccb6015fa78118796a26090f
508,e4bf5498b261611c58580d7324ce5df9dd1400ed
520,805c7ad99f5dc738a1e18b47f2e142502dcb37e0
543,f7264b2e34f4159b3328165bb5e48423ab1b8920
531,b39820ff29b833d9bdb4c3641012d59e7fbacc46
543,f7264b2e34f4159b3328165bb5e48423ab1b8920
531,b39820ff29b833d9bdb4c3641012d59e7fbacc46
537,837d17b94beb6b8d6c325395e6baf8686ce706ee
534,c61106368c54fe9fd23a127feb24e577de161167
537,837d17b94beb6b8d6c325395e6baf8686ce706ee
535,3568b3b2706c904297b8edb32f1ba32fb6980da0
537,837d17b94beb6b8d6c325395e6baf8686ce706ee
536,e7a397e3ecc47aa4231160f741506da1ef28ddc8
537,837d17b94beb6b8d6c325395e6baf8686ce706ee
537,837d17b94beb6b8d6c325395e6baf8686ce706ee
543,f7264b2e34f4159b3328165bb5e48423ab1b8920
537,837d17b94beb6b8d6c325395e6baf8686ce706ee
540,0d06c5b9efeb11c7e7ac69fbfde79e6f5f22505f
538,b65aa352485adcd0253a7c318ca028e43a91dce1
540,0d06c5b9efeb11c7e7ac69fbfde79e6f5f22505f
538,b65aa352485adcd0253a7c318ca028e43a91dce1
539,fdd032a5a861ecba5c3bb10b79d914cb15d71f25
540,0d06c5b9efeb11c7e7ac69fbfde79e6f5f22505f
543,f7264b2e34f4159b3328165bb5e48423ab1b8920
540,0d06c5b9efeb11c7e7ac69fbfde79e6f5f22505f
541,62accc96921f2bf906621d2869207b7d1692304a
543,f7264b2e34f4159b3328165bb5e48423ab1b8920
724,d630e0b8d03e606d4ca6f135c385dc492af2d5f6
543,f7264b2e34f4159b3328165bb5e48423ab1b8920
633,eb74fba67b140dffaa90ec63954b1589b241ecb6
543,f7264b2e34f4159b3328165bb5e48423ab1b8920
588,e8bcc890d073504e0797607cced77820ea139508
543,f7264b2e34f4159b3328165bb5e48423ab1b8920
565,b8cded4c431243fcc1da5d6f42b3be1d2401a998
543,f7264b2e34f4159b3328165bb5e48423ab1b8920
554,d974191852c8d4796d34823a6f922efe87241d0d
543,f7264b2e34f4159b3328165bb5e48423ab1b8920
548,76bb7462f3c33507c39d5e94f4e350c789ff0a3d
548,76bb7462f3c33507c39d5e94f4e350c789ff0a3d
554,d974191852c8d4796d34823a6f922efe87241d0d
551,1b34c1e1579bdc8d0dcd840c6e47687df844e6fa
554,d974191852c8d4796d34823a6f922efe87241d0d
551,1b34c1e1579bdc8d0dcd840c6e47687df844e6fa
552,97fac9e6071a1df4a9884d133828ac9e1aca7374
554,d974191852c8d4796d34823a6f922efe87241d0d
565,b8cded4c431243fcc1da5d6f42b3be1d2401a998
565,b8cded4c431243fcc1da5d6f42b3be1d2401a998
588,e8bcc890d073504e0797607cced77820ea139508
565,b8cded4c431243fcc1da5d6f42b3be1d2401a998
576,edeab74625dd554b7909548ddc3e3609d3388779
576,edeab74625dd554b7909548ddc3e3609d3388779
588,e8bcc890d073504e0797607cced77820ea139508
588,e8bcc890d073504e0797607cced77820ea139508
633,eb74fba67b140dffaa90ec63954b1589b241ecb6
588,e8bcc890d073504e0797607cced77820ea139508
610,811a95e8dc6c9e777e8e22fafd3068eb297be77e
588,e8bcc890d073504e0797607cced77820ea139508
599,9ab31f62229e601af070fc90bc2fb2eb77ecf158
593,09d612efacacb2109e7dd6fb7a44f61365b8631a
599,9ab31f62229e601af070fc90bc2fb2eb77ecf158
599,9ab31f62229e601af070fc90bc2fb2eb77ecf158
610,811a95e8dc6c9e777e8e22fafd3068eb297be77e
599,9ab31f62229e601af070fc90bc2fb2eb77ecf158
604,9e743087f6c81e5b5512a4c7a0f700b533e05e02
604,9e743087f6c81e5b5512a4c7a0f700b533e05e02
610,811a95e8dc6c9e777e8e22fafd3068eb297be77e
607,e4c0c4685bb8aae9147650ed7ba15949841a8354
610,811a95e8dc6c9e777e8e22fafd3068eb297be77e
608,254fff66ffc16ebed7e82bd1f4af602840879c39
610,811a95e8dc6c9e777e8e22fafd3068eb297be77e
609,37812f35df4d9a3795f661496a96e634d8268eda
610,811a95e8dc6c9e777e8e22fafd3068eb297be77e
610,811a95e8dc6c9e777e8e22fafd3068eb297be77e
633,eb74fba67b140dffaa90ec63954b1589b241ecb6
610,811a95e8dc6c9e777e8e22fafd3068eb297be77e
621,7e6d0d7cd96d56e73138f48bd2b53c59060eb035
615,f5838f2f878798ddcbb327676b5135ca2eb7d1c7
621,7e6d0d7cd96d56e73138f48bd2b53c59060eb035
615,f5838f2f878798ddcbb327676b5135ca2eb7d1c7
618,9026660487abfca6dc5c4dd89d9a9a6f39d3a150
615,f5838f2f878798ddcbb327676b5135ca2eb7d1c7
616,c271b90417b2b3a68f0a652aaf758d6f4c6bfe9e
621,7e6d0d7cd96d56e73138f48bd2b53c59060eb035
633,eb74fba67b140dffaa90ec63954b1589b241ecb6
621,7e6d0d7cd96d56e73138f48bd2b53c59060eb035
627,fba1d630276cfda617dd349d21c18edb8cb67dd9
621,7e6d0d7cd96d56e73138f48bd2b53c59060eb035
624,977a11dbc29d40b4f2746272d571355530779d6b
622,8b783c2ad781567723356d6432ce943d6f55ac55
624,977a11dbc29d40b4f2746272d571355530779d6b
623,bd97f2ccb0d8dde384d7705e18aae1ff2826a278
624,977a11dbc29d40b4f2746272d571355530779d6b
633,eb74fba67b140dffaa90ec63954b1589b241ecb6
724,d630e0b8d03e606d4ca6f135c385dc492af2d5f6
633,eb74fba67b140dffaa90ec63954b1589b241ecb6
678,5ef19bd95d45921a6f9ef3fb3c7e088dd5bffc7f
633,eb74fba67b140dffaa90ec63954b1589b241ecb6
655,5717bbd729a922ba067315441a94b6d0ce970401
633,eb74fba67b140dffaa90ec63954b1589b241ecb6
644,fa1740c8e219f4ef2994bdf906a2d5a9e7f6fab5
644,fa1740c8e219f4ef2994bdf906a2d5a9e7f6fab5
655,5717bbd729a922ba067315441a94b6d0ce970401
644,fa1740c8e219f4ef2994bdf906a2d5a9e7f6fab5
649,16f1a29f180beebd27dfb119c62e7212add047d4
646,720e21666f260b13fafd37dd55c575a17a1694fb
649,16f1a29f180beebd27dfb119c62e7212add047d4
649,16f1a29f180beebd27dfb119c62e7212add047d4
655,5717bbd729a922ba067315441a94b6d0ce970401
652,469d1d2729cd1713f1c20909045c8110784ad7bc
655,5717bbd729a922ba067315441a94b6d0ce970401
653,cd611d1b993600e7a79d5b968d1d9704d0c2c446
655,5717bbd729a922ba067315441a94b6d0ce970401
655,5717bbd729a922ba067315441a94b6d0ce970401
678,5ef19bd95d45921a6f9ef3fb3c7e088dd5bffc7f
655,5717bbd729a922ba067315441a94b6d0ce970401
666,6cc56d1677d49e920e9bd9368289b14cbb754701
655,5717bbd729a922ba067315441a94b6d0ce970401
660,f8acd7d3a4795fa1e6015897b0fa9ba89aff5146
655,5717bbd729a922ba067315441a94b6d0ce970401
657,cd162c3f6d5cd2567e82875c6aa2c23a7c272ca7
656,4287bce90928aeef601cbace11d1431e698f6f45
657,cd162c3f6d5cd2567e82875c6aa2c23a7c272ca7
657,cd162c3f6d5cd2567e82875c6aa2c23a7c272ca7
660,f8acd7d3a4795fa1e6015897b0fa9ba89aff5146
666,6cc56d1677d49e920e9bd9368289b14cbb754701
678,5ef19bd95d45921a6f9ef3fb3c7e088dd5bffc7f
666,6cc56d1677d49e920e9bd9368289b14cbb754701
672,d0d4c2682864794cba6a4ba43cc4671c3136327f
669,b3931683f3bad2064a2018284cd1ec07ed988d35
672,d0d4c2682864794cba6a4ba43cc4671c3136327f
669,b3931683f3bad2064a2018284cd1ec07ed988d35
670,91ce597f8c9d867ebe8472b1255e65cb4c068e1a
678,5ef19bd95d45921a6f9ef3fb3c7e088dd5bffc7f
724,d630e0b8d03e606d4ca6f135c385dc492af2d5f6
678,5ef19bd95d45921a6f9ef3fb3c7e088dd5bffc7f
701,273fcdb6a73cf221a7a1d00aa33a3ed780947db5
689,d7ff82fbe34a4e9bad97a387b5bae2b0e5c806a2
701,273fcdb6a73cf221a7a1d00aa33a3ed780947db5
701,273fcdb6a73cf221a7a1d00aa33a3ed780947db5
724,d630e0b8d03e606d4ca6f135c385dc492af2d5f6
701,273fcdb6a73cf221a7a1d00aa33a3ed780947db5
712,dfec1d00762a468076907fbb20806d07e1537a46
706,c1cc9e56126027e57ec2157434bccbb0b3cc3870
712,dfec1d00762a468076907fbb20806d07e1537a46
724,d630e0b8d03e606d4ca6f135c385dc492af2d5f6
1448,7b439c64da0622462e30d8a1183f4a7525007768
724,d630e0b8d03e606d4ca6f135c385dc492af2d5f6
1086,7b985004be8f0cf0d1953f53c518767fbe313718
724,d630e0b8d03e606d4ca6f135c385dc492af2d5f6
905,6bb5114e7c93cf31c9faaf9ae389c8d29f7fd65c
724,d630e0b8d03e606d4ca6f135c385dc492af2d5f6
814,2f9d459c48f8840228868f22a695275f2ede81b0
724,d630e0b8d03e606d4ca6f135c385dc492af2d5f6
769,a8c35650650fb59e9c98b767ec6380324a743614
724,d630e0b8d03e606d4ca6f135c385dc492af2d5f6
746,5c38eb1e59ccdb3763f4cfdc0946a84e2a59c3de
724,d630e0b8d03e606d4ca6f135c385dc492af2d5f6
735,a35d1a64bf2b6559070f99a8584f6e19e2b1d196
724,d630e0b8d03e606d4ca6f135c385dc492af2d5f6
729,719861b6382c436cf572b0e6e84b8e51ef4de5de
735,a35d1a64bf2b6559070f99a8584f6e19e2b1d196
746,5c38eb1e59ccdb3763f4cfdc0946a84e2a59c3de
746,5c38eb1e59ccdb3763f4cfdc0946a84e2a59c3de
769,a8c35650650fb59e9c98b767ec6380324a743614
746,5c38eb1e59ccdb3763f4cfdc0946a84e2a59c3de
757,7c6bc9fb7c992c0426eac960ea5c32cc420b046c
746,5c38eb1e59ccdb3763f4cfdc0946a84e2a59c3de
751,486ea1cc447f8a4a8bb35de4caca9b689758d8c3
748,fdeddf6b8370392d2433347565cfc101b4b9dfb5
751,486ea1cc447f8a4a8bb35de4caca9b689758d8c3
749,f88af6565d515614f8383ea8d1e31e65b152e1b8
751,486ea1cc447f8a4a8bb35de4caca9b689758d8c3
750,d0c9629639049b6fded839236b2dd5017b79d7b2
751,486ea1cc447f8a4a8bb35de4caca9b689758d8c3
751,486ea1cc447f8a4a8bb35de4caca9b689758d8c3
757,7c6bc9fb7c992c0426eac960ea5c32cc420b046c
754,af1523f845f08870bcadd8a6dfd36395502a16dd
757,7c6bc9fb7c992c0426eac960ea5c32cc420b046c
755,3662f5d3515fb6a3fa42f7fb3586bb379c3a3cd6
757,7c6bc9fb7c992c0426eac960ea5c32cc420b046c
756,4ea793c73ecebdc136cf741010acb0dbf403ff69
757,7c6bc9fb7c992c0426eac960ea5c32cc420b046c
769,a8c35650650fb59e9c98b767ec6380324a743614
814,2f9d459c48f8840228868f22a695275f2ede81b0
769,a8c35650650fb59e9c98b767ec6380324a743614
791,ce28507a5278dfa08d5303958e911f7bf291bd79
769,a8c35650650fb59e9c98b767ec6380324a743614
780,875057ef745eb5c7fb82f8c4c33069b0fb023a67
769,a8c35650650fb59e9c98b767ec6380324a743614
774,23012efa64ecce6fdeddab9321213eeae7b85e32
791,ce28507a5278dfa08d5303958e911f7bf291bd79
814,2f9d459c48f8840228868f22a695275f2ede81b0
791,ce28507a5278dfa08d5303958e911f7bf291bd79
802,424ffde02c37742a5a532fa3ef67a3fa1328fab1
814,2f9d459c48f8840228868f22a695275f2ede81b0
905,6bb5114e7c93cf31c9faaf9ae389c8d29f7fd65c
814,2f9d459c48f8840228868f22a695275f2ede81b0
859,40c320ad076d96e6f9caa75f40b30d16da185f84
836,d45d99c6e39c06f6b6e6f3856cd317c10b0916a2
859,40c320ad076d96e6f9caa75f40b30d16da185f84
836,d45d99c6e39c06f6b6e6f3856cd317c10b0916a2
847,53f99b5b32ecb944fd61bd02276591cd19224c81
836,d45d99c6e39c06f6b6e6f3856cd317c10b0916a2
841,5d5770253d326274a8f72b531d58c5f6755e4dda
841,5d5770253d326274a8f72b531d58c5f6755e4dda
847,53f99b5b32ecb944fd61bd02276591cd19224c81
847,53f99b5b32ecb944fd61bd02276591cd19224c81
859,40c320ad076d96e6f9caa75f40b30d16da185f84
859,40c320ad076d96e6f9caa75f40b30d16da185f84
905,6bb5114e7c93cf31c9faaf9ae389c8d29f7fd65c
859,40c320ad076d96e6f9caa75f40b30d16da185f84
882,953d554bed1f3748a2509d78cf059f535798e56f
870,bdcf5d84977b676ee9fa0548c2ea8189b8644845
882,953d554bed1f3748a2509d78cf059f535798e56f
876,8871538d87218b7f1f9cfe18bb753af26bfd81d6
882,953d554bed1f3748a2509d78cf059f535798e56f
879,9f164d8c974775a882f8a787fd9f507e008bd5f9
882,953d554bed1f3748a2509d78cf059f535798e56f
879,9f164d8c974775a882f8a787fd9f507e008bd5f9
880,785ed01324b703be42471ee734fbe0fb80ac92ce
880,785ed01324b703be42471ee734fbe0fb80ac92ce
882,953d554bed1f3748a2509d78cf059f535798e56f
880,785ed01324b703be42471ee734fbe0fb80ac92ce
881,498e8e69d8f89a90aa6d4b9fb6485c8276ade4e0
882,953d554bed1f3748a2509d78cf059f535798e56f
905,6bb5114e7c93cf31c9faaf9ae389c8d29f7fd65c
882,953d554bed1f3748a2509d78cf059f535798e56f
893,26c8783f8f344c77b6acec0d9256d4d5149a37f5
882,953d554bed1f3748a2509d78cf059f535798e56f
887,e99b92951a8c0f2c1cf4f6811223c344dd528307
882,953d554bed1f3748a2509d78cf059f535798e56f
884,2a58cc7d524d5ba108555e6244607b07eed44f08
882,953d554bed1f3748a2509d78cf059f535798e56f
883,a4b829d8530fcc79af5db0fa5249842b2d8bc2dc
893,26c8783f8f344c77b6acec0d9256d4d5149a37f5
905,6bb5114e7c93cf31c9faaf9ae389c8d29f7fd65c
905,6bb5114e7c93cf31c9faaf9ae389c8d29f7fd65c
1086,7b985004be8f0cf0d1953f53c518767fbe313718
905,6bb5114e7c93cf31c9faaf9ae389c8d29f7fd65c
995,219d4f1555bdc44f0b17687cb341c623c171d59f
905,6bb5114e7c93cf31c9faaf9ae389c8d29f7fd65c
950,baaca13b06700bdf64ad5dce6c9b4786577cd1cc
905,6bb5114e7c93cf31c9faaf9ae389c8d29f7fd65c
927,dd1961a30c2b524a082d2cf38c1b027208e4fb84
905,6bb5114e7c93cf31c9faaf9ae389c8d29f7fd65c
916,43b31833d5500395a1e1c3b12f04c9ef25e4372b
927,dd1961a30c2b524a082d2cf38c1b027208e4fb84
950,baaca13b06700bdf64ad5dce6c9b4786577cd1cc
950,baaca13b06700bdf64ad5dce6c9b4786577cd1cc
995,219d4f1555bdc44f0b17687cb341c623c171d59f
950,baaca13b06700bdf64ad5dce6c9b4786577cd1cc
972,9ac76ff218e0df7c9790a7d4c2ff18b1174e8cb5
950,baaca13b06700bdf64ad5dce6c9b4786577cd1cc
961,2a75512053cabd0ca6d7e63118744507c5d41d87
950,baaca13b06700bdf64ad5dce6c9b4786577cd1cc
955,a430615f56b1b96202495960649a39fee29be867
952,4c31679571d098927726b7a6bd967c2574c9c444
955,a430615f56b1b96202495960649a39fee29be867
961,2a75512053cabd0ca6d7e63118744507c5d41d87
972,9ac76ff218e0df7c9790a7d4c2ff18b1174e8cb5
966,9878f5c8bc0bdf4ba2b4d2e6916786d8ad7a47d2
972,9ac76ff218e0df7c9790a7d4c2ff18b1174e8cb5
966,9878f5c8bc0bdf4ba2b4d2e6916786d8ad7a47d2
969,be90e3443b6f6a4efc5a26153e075d480baf356e
966,9878f5c8bc0bdf4ba2b4d2e6916786d8ad7a47d2
967,0b8c9a2ea8a5de472d08da860a9fa132bce43a04
969,be90e3443b6f6a4efc5a26153e075d480baf356e
972,9ac76ff218e0df7c9790a7d4c2ff18b1174e8cb5
969,be90e3443b6f6a4efc5a26153e075d480baf356e
970,26f735e6b10b1beec18d9bd9beba31494d130153
970,26f735e6b10b1beec18d9bd9beba31494d130153
972,9ac76ff218e0df7c9790a7d4c2ff18b1174e8cb5
970,26f735e6b10b1beec18d9bd9beba31494d130153
971,ac8298ca3034a6ff9f06b1ec1bff6741e3395d29
971,ac8298ca3034a6ff9f06b1ec1bff6741e3395d29
972,9ac76ff218e0df7c9790a7d4c2ff18b1174e8cb5
995,219d4f1555bdc44f0b17687cb341c623c171d59f
1086,7b985004be8f0cf0d1953f53c518767fbe313718
995,219d4f1555bdc44f0b17687cb341c623c171d59f
1040,66cd9460d1139c8bc00d6554290b1b69e096ba2c
995,219d4f1555bdc44f0b17687cb341c623c171d59f
1017,957cf9f965ddba8067324e367ca77c85d3bdfbda
995,219d4f1555bdc44f0b17687cb341c623c171d59f
1006,3fb735109142c80adf6e37ddbe6874f9e05438fd
995,219d4f1555bdc44f0b17687cb341c623c171d59f
1000,8331c8b9a9da0e134b842b6cefe5894318dd9e53
995,219d4f1555bdc44f0b17687cb341c623c171d59f
997,41c41d525aaeb61ad8cac39129b1ccee384cbe3d
995,219d4f1555bdc44f0b17687cb341c623c171d59f
996,d5f41b7e2a6ecce36e8ec7a7cedc8f3c4ca3a8e6
1086,7b985004be8f0cf0d1953f53c518767fbe313718
1448,7b439c64da0622462e30d8a1183f4a7525007768
1086,7b985004be8f0cf0d1953f53c518767fbe313718
1267,9b002b50fe101f24f9f36b261229af552e2003b8
1086,7b985004be8f0cf0d1953f53c518767fbe313718
1176,029a2e7fd6aa1f00edcab4ba47b7ab15fb5d6af3
1086,7b985004be8f0cf0d1953f53c518767fbe313718
1131,ad65faf7fff693853cd0b659a5d9ae00ba73750c
1086,7b985004be8f0cf0d1953f53c518767fbe313718
1108,9a44a97dec893d2378c3570fafa0b70e93b1fbb3
1097,3dc3df55861f6fbebf6b7e3e3d6ca5e77ff55464
1108,9a44a97dec893d2378c3570fafa0b70e93b1fbb3
1102,0c380015272da9ae40cce5374dbbc4e46e4c8fc7
1108,9a44a97dec893d2378c3570fafa0b70e93b1fbb3
1267,9b002b50fe101f24f9f36b261229af552e2003b8
1448,7b439c64da0622462e30d8a1183f4a7525007768
1267,9b002b50fe101f24f9f36b261229af552e2003b8
1357,3b506994a5720a705889a01b903d70287786b711
1267,9b002b50fe101f24f9f36b261229af552e2003b8
1312,378f190650be10871d703a8a74991ec65a4ef7be
1267,9b002b50fe101f24f9f36b261229af552e2003b8
1289,d9463741646bed920eb3d9c88f85ef79c4696f2b
1267,9b002b50fe101f24f9f36b261229af552e2003b8
1278,538257f640ce1a293549c42705ae5a3c35f69d9b
1267,9b002b50fe101f24f9f36b261229af552e2003b8
1272,6e144f9e81b350eff6e1cb0eed96c7eaeefd2561
1267,9b002b50fe101f24f9f36b261229af552e2003b8
1269,be760ccf42d690ad12ce278007c4202198cce4a6
1267,9b002b50fe101f24f9f36b261229af552e2003b8
1268,da4b1b1d4fdf2760db9d43739f571fb2522bbde1
1289,d9463741646bed920eb3d9c88f85ef79c4696f2b
1312,378f190650be10871d703a8a74991ec65a4ef7be
1300,a814c3a581643f8e60d9b98949863e11634da3ee
1312,378f190650be10871d703a8a74991ec65a4ef7be
1300,a814c3a581643f8e60d9b98949863e11634da3ee
1306,0781d718fcffc7bef7f2224da2ea5f07ee8dfb2a
1300,a814c3a581643f8e60d9b98949863e11634da3ee
1303,d7532423ddcf5f72db4486ee7f3032178ca7989c
1300,a814c3a581643f8e60d9b98949863e11634da3ee
1301,2255eb28fbaf65f05ae2abf967db37dd63715556
1312,378f190650be10871d703a8a74991ec65a4ef7be
1357,3b506994a5720a705889a01b903d70287786b711
1312,378f190650be10871d703a8a74991ec65a4ef7be
1334,520485e038ec8376430cdb28ec165fc15228fd8e
1312,378f190650be10871d703a8a74991ec65a4ef7be
1323,2284fd9f7e9573894055eb2c367b6bb09380bd98
1312,378f190650be10871d703a8a74991ec65a4ef7be
1317,edae5aa3cc723eb1d5da294c004f0bc6f301e309
1312,378f190650be10871d703a8a74991ec65a4ef7be
1314,ef7a4c2c84672c6aa00ddc680b4b148501e266be
1312,378f190650be10871d703a8a74991ec65a4ef7be
1313,120dee38aef98a5cd6cd6b7e905def7d6dbc5e2b
1357,3b506994a5720a705889a01b903d70287786b711
1448,7b439c64da0622462e30d8a1183f4a7525007768
1357,3b506994a5720a705889a01b903d70287786b711
1402,ef5c700afc826b2608ee2601742e20c43ed2bdd7
1357,3b506994a5720a705889a01b903d70287786b711
1379,6de20ba1ba1f7c7ae9638153efec352ef86322cd
1357,3b506994a5720a705889a01b903d70287786b711
1368,1d425e8fa7c5e509836c42183df37881fa5f47f1
1357,3b506994a5720a705889a01b903d70287786b711
1362,2d29e5444ba9c88d8816437125b0dd451f048288
1359,7c701f687f37497aa7f0c99d7c4912afabc0deea
1362,2d29e5444ba9c88d8816437125b0dd451f048288
1360,bad906faa9aa7d0d63906e5e8b88d3c3b79a5a85
1362,2d29e5444ba9c88d8816437125b0dd451f048288
1360,bad906faa9aa7d0d63906e5e8b88d3c3b79a5a85
1361,b9c478bb8baa2fe6cf5fb23cd012dea0cfc222a0
1368,1d425e8fa7c5e509836c42183df37881fa5f47f1
1379,6de20ba1ba1f7c7ae9638153efec352ef86322cd
1368,1d425e8fa7c5e509836c42183df37881fa5f47f1
1373,38ba37290e6928044458df963eb6c1a2aee12dbc
1370,1a5d5b3614d477c1aaf9cc8fe9e92db16183ee5e
1373,38ba37290e6928044458df963eb6c1a2aee12dbc
1371,82d961483306fb0e9c7df1ceaa920f976f561d43
1373,38ba37290e6928044458df963eb6c1a2aee12dbc
1379,6de20ba1ba1f7c7ae9638153efec352ef86322cd
1402,ef5c700afc826b2608ee2601742e20c43ed2bdd7
1390,18af5a4e0698565bd4c762cfb029750619a71fde
1402,ef5c700afc826b2608ee2601742e20c43ed2bdd7
1402,ef5c700afc826b2608ee2601742e20c43ed2bdd7
1448,7b439c64da0622462e30d8a1183f4a7525007768
1425,f19b2057ca8d3f75d492385c0abf9fe0ec07f2e3
1448,7b439c64da0622462e30d8a1183f4a7525007768
1436,c18d8c5313a8d26cc09544f1e3f69b58c7539057
1448,7b439c64da0622462e30d8a1183f4a7525007768
1442,bc32fbbbffb932f9084f97c7a2fcba472a3d451f
1448,7b439c64da0622462e30d8a1183f4a7525007768
1445,0733a537f6436cb899a66bd820445c80290bd317
1448,7b439c64da0622462e30d8a1183f4a7525007768
1446,a8ec52200a91832e13744f925c395a0423f5901f
1448,7b439c64da0622462e30d8a1183f4a7525007768
1447,fe9f6752af97ed8e99ec11401820e9ebebae4f0f
1448,7b439c64da0622462e30d8a1183f4a7525007768
1448,7b439c64da0622462e30d8a1183f4a7525007768
2897,f6fa003d681ae1b97bccbbb72fc5f0f1c70d0528
1448,7b439c64da0622462e30d8a1183f4a7525007768
2172,ba95d4fa5a9a4989f8ecee6f65942a3424609c82
1448,7b439c64da0622462e30d8a1183f4a7525007768
1810,2f905662ad8c7e9f40d0245c40afac1fa4f7b254
1448,7b439c64da0622462e30d8a1183f4a7525007768
1629,d90e0befbb8eee2633570cda3bfbe7bf65c747bb
1448,7b439c64da0622462e30d8a1183f4a7525007768
1538,3aad37db853e13f2939abe6f173fc464efa14485
1448,7b439c64da0622462e30d8a1183f4a7525007768
1493,69344462385fe5b01d0295b6b9f28ec8568aea96
1448,7b439c64da0622462e30d8a1183f4a7525007768
1470,b52b9acf782e2ec61a3a9f751dc96749ed868ccf
1448,7b439c64da0622462e30d8a1183f4a7525007768
1459,510dee181132e4f8374e346afe899e1a09bf67ea
1448,7b439c64da0622462e30d8a1183f4a7525007768
1453,f417f809894993928d55fc1bf22da2dbde8ff0e5
1448,7b439c64da0622462e30d8a1183f4a7525007768
1450,3d9e69accc7a50ffe5e739bbe365b5f3e2af9006
1448,7b439c64da0622462e30d8a1183f4a7525007768
1449,9a098c699d7ca095d1c8395925ea0395878617eb
1493,69344462385fe5b01d0295b6b9f28ec8568aea96
1538,3aad37db853e13f2939abe6f173fc464efa14485
1493,69344462385fe5b01d0295b6b9f28ec8568aea96
1515,d99dae1770ecc33bb91dec7ba7aaef2ecea33b91
1493,69344462385fe5b01d0295b6b9f28ec8568aea96
1504,5e54dbb1627399926152e1a038cecb800090b845
1493,69344462385fe5b01d0295b6b9f28ec8568aea96
1498,6de214b80d155b2805f17aad23480e097dde8ced
1495,736f888236b7ac49a216398a94466c545fa9ad27
1498,6de214b80d155b2805f17aad23480e097dde8ced
1498,6de214b80d155b2805f17aad23480e097dde8ced
1504,5e54dbb1627399926152e1a038cecb800090b845
1498,6de214b80d155b2805f17aad23480e097dde8ced
1501,fee8ff8a9ddd2aa0bd8ec879316f35c39fe79a55
1499,aec9fd990f2cae6375f668e12e90df6b6254eb9f
1501,fee8ff8a9ddd2aa0bd8ec879316f35c39fe79a55
1515,d99dae1770ecc33bb91dec7ba7aaef2ecea33b91
1538,3aad37db853e13f2939abe6f173fc464efa14485
1538,3aad37db853e13f2939abe6f173fc464efa14485
1629,d90e0befbb8eee2633570cda3bfbe7bf65c747bb
1538,3aad37db853e13f2939abe6f173fc464efa14485
1583,7b36e3e4101e39a03e71cfea90a5593f22efd185
1538,3aad37db853e13f2939abe6f173fc464efa14485
1560,52d094436d1ff8cb3031924e2b2cf39b993d2e4c
1538,3aad37db853e13f2939abe6f173fc464efa14485
1549,4568f89726e17c72fe83774def675727c9b56653
1629,d90e0befbb8eee2633570cda3bfbe7bf65c747bb
1810,2f905662ad8c7e9f40d0245c40afac1fa4f7b254
1629,d90e0befbb8eee2633570cda3bfbe7bf65c747bb
1719,ebe8d743725381aa39828a95a26d784a31552ad6
1629,d90e0befbb8eee2633570cda3bfbe7bf65c747bb
1674,8e171ea1e9f0fbabb38954b0415c937a12205931
1629,d90e0befbb8eee2633570cda3bfbe7bf65c747bb
1651,a89054049479b7633c2b10ce05d58bb751f5ec27
1640,a36b692ac65006a572c6e11176c541f4e9e1b4a6
1651,a89054049479b7633c2b10ce05d58bb751f5ec27
1645,f30f63cbe1f75a56a41c197530b86db58869592d
1651,a89054049479b7633c2b10ce05d58bb751f5ec27
1648,4c8ef3f5429c8ad9669273048fe274caa91a0a85
1651,a89054049479b7633c2b10ce05d58bb751f5ec27
1649,7286f8376247d2b7286dca6ca46c0ac8a7e9dce3
1651,a89054049479b7633c2b10ce05d58bb751f5ec27
1650,7b64497f9db977dc4f78b07eb4d7b00f2c2d323e
1651,a89054049479b7633c2b10ce05d58bb751f5ec27
1651,a89054049479b7633c2b10ce05d58bb751f5ec27
1674,8e171ea1e9f0fbabb38954b0415c937a12205931
1651,a89054049479b7633c2b10ce05d58bb751f5ec27
1662,f3d516d9ee6318b40dd10cbc2d533cd6abcf1260
1651,a89054049479b7633c2b10ce05d58bb751f5ec27
1656,a4b755df89f049056c884eca7a1fd0bcf4cb4c6f
1651,a89054049479b7633c2b10ce05d58bb751f5ec27
1653,e7c283e2247e027322e12e1f9874a3a20c56c095
1651,a89054049479b7633c2b10ce05d58bb751f5ec27
1652,eddb8c4e3af566862eb2613ce42983bd0ea0897d
1653,e7c283e2247e027322e12e1f9874a3a20c56c095
1656,a4b755df89f049056c884eca7a1fd0bcf4cb4c6f
1653,e7c283e2247e027322e12e1f9874a3a20c56c095
1654,822a187009e94a97caeacc44648839641978de7a
1662,f3d516d9ee6318b40dd10cbc2d533cd6abcf1260
1674,8e171ea1e9f0fbabb38954b0415c937a12205931
1662,f3d516d9ee6318b40dd10cbc2d533cd6abcf1260
1668,6b6351a45d20008d56a5b899b4df52a2d63469f5
1662,f3d516d9ee6318b40dd10cbc2d533cd6abcf1260
1665,5e4b5da7cb330f9d4d778e4ae5d4c21805bbfd7e
1663,e531db939725722358235a0edbb424b004c674ff
1665,5e4b5da7cb330f9d4d778e4ae5d4c21805bbfd7e
1664,6c608e6b682bd1dd0d1317fa2641533455483998
1665,5e4b5da7cb330f9d4d778e4ae5d4c21805bbfd7e
1665,5e4b5da7cb330f9d4d778e4ae5d4c21805bbfd7e
1668,6b6351a45d20008d56a5b899b4df52a2d63469f5
1666,702c6d22ae70a575b7c8753547522593334a3365
1668,6b6351a45d20008d56a5b899b4df52a2d63469f5
1667,b5f8ae414c13b3b4336e8b4c526dcb926ae498d7
1668,6b6351a45d20008d56a5b899b4df52a2d63469f5
1674,8e171ea1e9f0fbabb38954b0415c937a12205931
1719,ebe8d743725381aa39828a95a26d784a31552ad6
1696,befa9a4b0a10f4e0f05dc678c6659b02cbf7f4fb
1719,ebe8d743725381aa39828a95a26d784a31552ad6
1707,902103bd2233694010523415d1567ca4505cdb58
1719,ebe8d743725381aa39828a95a26d784a31552ad6
1707,902103bd2233694010523415d1567ca4505cdb58
1713,53971d4021fffc2f55292fb111a49bd295e2d8e4
1719,ebe8d743725381aa39828a95a26d784a31552ad6
1810,2f905662ad8c7e9f40d0245c40afac1fa4f7b254
1719,ebe8d743725381aa39828a95a26d784a31552ad6
1764,61a1ac4152205cad2453e962297750d9a4238deb
1764,61a1ac4152205cad2453e962297750d9a4238deb
1810,2f905662ad8c7e9f40d0245c40afac1fa4f7b254
1810,2f905662ad8c7e9f40d0245c40afac1fa4f7b254
2172,ba95d4fa5a9a4989f8ecee6f65942a3424609c82
1810,2f905662ad8c7e9f40d0245c40afac1fa4f7b254
1991,edf73669a328dace348118143f8d90f16e986a7c
1810,2f905662ad8c7e9f40d0245c40afac1fa4f7b254
1900,7d365755c186edb92e3ef563327154c259be02aa
1810,2f905662ad8c7e9f40d0245c40afac1fa4f7b254
1855,0c9c2865e22fa3f5cf95eeb30a7f0e7aca8cade4
1810,2f905662ad8c7e9f40d0245c40afac1fa4f7b254
1832,9a4c18769e2fe1f872613a989f167536188d4abe
1821,0c63bb922b0fae6327c33ca81f692749464669f1
1832,9a4c18769e2fe1f872613a989f167536188d4abe
1855,0c9c2865e22fa3f5cf95eeb30a7f0e7aca8cade4
1900,7d365755c186edb92e3ef563327154c259be02aa
1855,0c9c2865e22fa3f5cf95eeb30a7f0e7aca8cade4
1877,9b0fb541211f25449850f52cf301568b2d2b9247
1900,7d365755c186edb92e3ef563327154c259be02aa
1991,edf73669a328dace348118143f8d90f16e986a7c
1900,7d365755c186edb92e3ef563327154c259be02aa
1945,941598ca916ac2e7763eec589d79afede4a67c03
1900,7d365755c186edb92e3ef563327154c259be02aa
1922,ecefdd9fff22abaf20f6d3b02d3d38c7026bd6c1
1922,ecefdd9fff22abaf20f6d3b02d3d38c7026bd6c1
1945,941598ca916ac2e7763eec589d79afede4a67c03
1922,ecefdd9fff22abaf20f6d3b02d3d38c7026bd6c1
1933,9434d1b81ad7d3a2ab9b54653dfba46c107ad2a5
1927,48e8e7c4cfc1c580562981a6be9755b667660d94
1933,9434d1b81ad7d3a2ab9b54653dfba46c107ad2a5
1927,48e8e7c4cfc1c580562981a6be9755b667660d94
1930,20b25e454a957c5a57a59997e64026fab8cd91a0
1928,6bbbe845c6fe5921d2d2c68a306368fa46abb031
1930,20b25e454a957c5a57a59997e64026fab8cd91a0
1928,6bbbe845c6fe5921d2d2c68a306368fa46abb031
1929,6d2b0d9161362c4941888bdc139e464257545a98
1945,941598ca916ac2e7763eec589d79afede4a67c03
1991,edf73669a328dace348118143f8d90f16e986a7c
1945,941598ca916ac2e7763eec589d79afede4a67c03
1968,24f474c15e2ed73a4ccf137fc6934a12f0f8bb79
1956,b3f8bca1108b50d8471dcc5538ca4ac4aaa2ba17
1968,24f474c15e2ed73a4ccf137fc6934a12f0f8bb79
1956,b3f8bca1108b50d8471dcc5538ca4ac4aaa2ba17
1962,73bef44c79264b6bf139ce6c50c581b8dbe29f04
1956,b3f8bca1108b50d8471dcc5538ca4ac4aaa2ba17
1959,3a25f071238e32c90bfea579b0b30cabfa8aa1cd
1956,b3f8bca1108b50d8471dcc5538ca4ac4aaa2ba17
1957,8b0c1723ef5d38cf4e2e7a5a1c12fc52d2f13d6a
1991,edf73669a328dace348118143f8d90f16e986a7c
2172,ba95d4fa5a9a4989f8ecee6f65942a3424609c82
1991,edf73669a328dace348118143f8d90f16e986a7c
2081,b5ddad62b6b025b0f9c21738265e5585d44c5e06
2172,ba95d4fa5a9a4989f8ecee6f65942a3424609c82
2897,f6fa003d681ae1b97bccbbb72fc5f0f1c70d0528
2172,ba95d4fa5a9a4989f8ecee6f65942a3424609c82
2534,a14115077bcafde53410fa0bcd668116bd53809f
2353,304612a650fc749aabdf42e3b3400fe653b5b6bc
2534,a14115077bcafde53410fa0bcd668116bd53809f
2534,a14115077bcafde53410fa0bcd668116bd53809f
2897,f6fa003d681ae1b97bccbbb72fc5f0f1c70d0528
2534,a14115077bcafde53410fa0bcd668116bd53809f
2715,731e372655e92a9b143830e01b7b946483880b7f
2534,a14115077bcafde53410fa0bcd668116bd53809f
2624,3ee0b23acfebb5d655bafcaf0139ef3190ac672b
2579,1c5147b8c854df4d1a60b6764d042ff6aae380dd
2624,3ee0b23acfebb5d655bafcaf0139ef3190ac672b
2579,1c5147b8c854df4d1a60b6764d042ff6aae380dd
2601,f4920da4ecb9a0429c03327ed6bbfc215031188f
2590,eba512e362feb493e7bfa195008411a6133e292e
2601,f4920da4ecb9a0429c03327ed6bbfc215031188f
2590,eba512e362feb493e7bfa195008411a6133e292e
2595,d998b409407c38f4317ef3ff9e5b15fee94ff352
2624,3ee0b23acfebb5d655bafcaf0139ef3190ac672b
2715,731e372655e92a9b143830e01b7b946483880b7f
2624,3ee0b23acfebb5d655bafcaf0139ef3190ac672b
2669,91f6233a56a72b93927c2d861b5b58a025264a8a
2624,3ee0b23acfebb5d655bafcaf0139ef3190ac672b
2646,bb3fb0229754b37086dd5291c9563ecebb0cfe2b
2635,d6abed27e44786825d89c9e3aff7396517faf4f8
2646,bb3fb0229754b37086dd5291c9563ecebb0cfe2b
2635,d6abed27e44786825d89c9e3aff7396517faf4f8
2640,ca8568633e3423a122d85c1765803f4d8abeb975
2637,486e6eec436f398aef6cf84bf89f9f0d64afc6ed
2640,ca8568633e3423a122d85c1765803f4d8abeb975
2637,486e6eec436f398aef6cf84bf89f9f0d64afc6ed
2638,229dd058fc89ca6bded448cb6067c6afc8e64aca
2638,229dd058fc89ca6bded448cb6067c6afc8e64aca
2640,ca8568633e3423a122d85c1765803f4d8abeb975
2639,82485180907889e3a0e64fb4de57d9e5f94a8c85
2640,ca8568633e3423a122d85c1765803f4d8abeb975
2646,bb3fb0229754b37086dd5291c9563ecebb0cfe2b
2669,91f6233a56a72b93927c2d861b5b58a025264a8a
2657,dc94e59a333fc591bfa9b0c3a823c58b1048bfad
2669,91f6233a56a72b93927c2d861b5b58a025264a8a
2657,dc94e59a333fc591bfa9b0c3a823c58b1048bfad
2663,6cb7bf171b043865eba6a2f618e8faf82f9b6383
2657,dc94e59a333fc591bfa9b0c3a823c58b1048bfad
2660,7daf5107f32a84df5385f78ae2f0cd249f1ddfdc
2657,dc94e59a333fc591bfa9b0c3a823c58b1048bfad
2658,79562f6e8710283814331b3f7817bbb1836daedf
2715,731e372655e92a9b143830e01b7b946483880b7f
2897,f6fa003d681ae1b97bccbbb72fc5f0f1c70d0528
2806,cb8f3b5d5bb3cbf6589c904a49bf7a2f47d2983a
2897,f6fa003d681ae1b97bccbbb72fc5f0f1c70d0528
2851,28cbe1709d4e21ca6b34d23c0cf9b75c229efeda
2897,f6fa003d681ae1b97bccbbb72fc5f0f1c70d0528
2874,1c5047a58c3dd52ebbd6b3571b11d9667b769582
2897,f6fa003d681ae1b97bccbbb72fc5f0f1c70d0528
2885,d20826f27289d93c8e79fdc203c67d9407fb5a2c
2897,f6fa003d681ae1b97bccbbb72fc5f0f1c70d0528
2891,261a1c65b7feaf998081a91841385718b088ce84
2897,f6fa003d681ae1b97bccbbb72fc5f0f1c70d0528
2894,2ecf5e12d7f13fb25da70df3e1b4ad3364cae326
2897,f6fa003d681ae1b97bccbbb72fc5f0f1c70d0528
2895,2580abec74f927c46046f7e79b46874eb597e387
2897,f6fa003d681ae1b97bccbbb72fc5f0f1c70d0528
2896,64d7dd2b62d5eef9c52851a1bb0448588eb468df
2897,f6fa003d681ae1b97bccbbb72fc5f0f1c70d0528
2897,f6fa003d681ae1b97bccbbb72fc5f0f1c70d0528
5795,0199170782a9878c9bfaa682ee8269a22bd1c512
2897,f6fa003d681ae1b97bccbbb72fc5f0f1c70d0528
4346,2183f4cc63fbd05420d4645f66fb0ea50c2dacea
2897,f6fa003d681ae1b97bccbbb72fc5f0f1c70d0528
3621,44b9ae4c2e35f37d1b17d0a40b70f46fb96b1088
2897,f6fa003d681ae1b97bccbbb72fc5f0f1c70d0528
3259,8b9101d0c5615c57a86428e3aa7bc0e436f728aa
2897,f6fa003d681ae1b97bccbbb72fc5f0f1c70d0528
3078,4c5acb98258dea838a34b064b5961ab93f5db5f9
2897,f6fa003d681ae1b97bccbbb72fc5f0f1c70d0528
2987,850b8f2b858105cd38da9c6a8cd2c4ed0b37651c
2897,f6fa003d681ae1b97bccbbb72fc5f0f1c70d0528
2942,43f3526ae8675db4c0e2a1ef4d080f525e291d7a
2897,f6fa003d681ae1b97bccbbb72fc5f0f1c70d0528
2919,2f64ad85dda704d596270bdfb2f7cf2f198f7f2c
2897,f6fa003d681ae1b97bccbbb72fc5f0f1c70d0528
2908,6f16370052d849514ba526d15358cd48c76c33f3
2897,f6fa003d681ae1b97bccbbb72fc5f0f1c70d0528
2902,6fa6e79fee433ac587bca09dfaaf31df07fa5648
2897,f6fa003d681ae1b97bccbbb72fc5f0f1c70d0528
2899,f9c431bacbfd4d3bdd913031370dd413a36d1e0d
2897,f6fa003d681ae1b97bccbbb72fc5f0f1c70d0528
2898,b8c8d4019ae5f321be88e7832a05c95cc014d062
3078,4c5acb98258dea838a34b064b5961ab93f5db5f9
3259,8b9101d0c5615c57a86428e3aa7bc0e436f728aa
3078,4c5acb98258dea838a34b064b5961ab93f5db5f9
3168,edffc05881cef509a636497fcf3e47ce02f8544e
3123,661e2207eb9b35eaeb00d9dbad031d99880e127f
3168,edffc05881cef509a636497fcf3e47ce02f8544e
3145,29c4ab896bbb910f160b5556c0f1d9d3a7a5f032
3168,edffc05881cef509a636497fcf3e47ce02f8544e
3145,29c4ab896bbb910f160b5556c0f1d9d3a7a5f032
3156,0e8162aa55a6f258829ffc29b7d01c2f510ed0a0
3150,b16c7a6e8f8cd155da78d500f2ea29a7bcce6b8a
3156,0e8162aa55a6f258829ffc29b7d01c2f510ed0a0
3150,b16c7a6e8f8cd155da78d500f2ea29a7bcce6b8a
3153,b58bbbd645171e2729d27d49949949deae638a92
3151,14a077428f594b692da85f066bd4795e2060ce36
3153,b58bbbd645171e2729d27d49949949deae638a92
3151,14a077428f594b692da85f066bd4795e2060ce36
3152,fceaea673d65fe359ef0de61527d973a2d1c7305
3259,8b9101d0c5615c57a86428e3aa7bc0e436f728aa
3621,44b9ae4c2e35f37d1b17d0a40b70f46fb96b1088
3440,576c7386661933562f216d24d92196e5ab86c816
3621,44b9ae4c2e35f37d1b17d0a40b70f46fb96b1088
3440,576c7386661933562f216d24d92196e5ab86c816
3530,4e78557b5af6ad8d83fa359cad0bcd81f6bbcbc4
3440,576c7386661933562f216d24d92196e5ab86c816
3485,74728fbb811912a917811be8cd2d0ebb727aa852
3462,eedf1eb35e1d48f10dd153fcfea9a22b2f391965
3485,74728fbb811912a917811be8cd2d0ebb727aa852
3473,e7cf42b9c7d735496ce614322b4575b533cd7060
3485,74728fbb811912a917811be8cd2d0ebb727aa852
3479,e081e29c1538ed8c63e1479bbd904d92669e7510
3485,74728fbb811912a917811be8cd2d0ebb727aa852
3479,e081e29c1538ed8c63e1479bbd904d92669e7510
3482,ad97147b6b487f70cc2186b3dce0bb2ec42c8320
3479,e081e29c1538ed8c63e1479bbd904d92669e7510
3480,6ecdcf2ca66f8be66a084bacff0a2db9bb3c7f88
3480,6ecdcf2ca66f8be66a084bacff0a2db9bb3c7f88
3482,ad97147b6b487f70cc2186b3dce0bb2ec42c8320
3480,6ecdcf2ca66f8be66a084bacff0a2db9bb3c7f88
3481,13b509b70de84e24e1a11d1ffbd74ef0535e39b5
3481,13b509b70de84e24e1a11d1ffbd74ef0535e39b5
3482,ad97147b6b487f70cc2186b3dce0bb2ec42c8320
3482,ad97147b6b487f70cc2186b3dce0bb2ec42c8320
3485,74728fbb811912a917811be8cd2d0ebb727aa852
3482,ad97147b6b487f70cc2186b3dce0bb2ec42c8320
3483,4f84ac5f641dc8b842c0cc06d5854a455939cf80
3485,74728fbb811912a917811be8cd2d0ebb727aa852
3530,4e78557b5af6ad8d83fa359cad0bcd81f6bbcbc4
3530,4e78557b5af6ad8d83fa359cad0bcd81f6bbcbc4
3621,44b9ae4c2e35f37d1b17d0a40b70f46fb96b1088
3530,4e78557b5af6ad8d83fa359cad0bcd81f6bbcbc4
3575,49878fedc2bd3c7632795107f8ec19ba06618f51
3552,4080ac0975062aabc9554b309b233f453b3c97de
3575,49878fedc2bd3c7632795107f8ec19ba06618f51
3621,44b9ae4c2e35f37d1b17d0a40b70f46fb96b1088
4346,2183f4cc63fbd05420d4645f66fb0ea50c2dacea
3621,44b9ae4c2e35f37d1b17d0a40b70f46fb96b1088
3983,e4fc4639357ad083cdb1c2742288a4bdcd30476d
3621,44b9ae4c2e35f37d1b17d0a40b70f46fb96b1088
3802,ecdb4cce6a2d94f48133a250dd5912b08a18c338
3621,44b9ae4c2e35f37d1b17d0a40b70f46fb96b1088
3711,c6ff0338cda50c6b275fca3efae56740affc80d0
3802,ecdb4cce6a2d94f48133a250dd5912b08a18c338
3983,e4fc4639357ad083cdb1c2742288a4bdcd30476d
3802,ecdb4cce6a2d94f48133a250dd5912b08a18c338
3892,87f794d43954ae3016953acc992aabd3ac7e80d4
3847,caba1d08a4d2e164258eda38052ef10fbd801003
3892,87f794d43954ae3016953acc992aabd3ac7e80d4
3847,caba1d08a4d2e164258eda38052ef10fbd801003
3869,7a9e5143e3022d376c277ed19c4dcb4ec15cda0d
3847,caba1d08a4d2e164258eda38052ef10fbd801003
3858,35778081df239f09ce335d06d87d5515f219c906
3892,87f794d43954ae3016953acc992aabd3ac7e80d4
3983,e4fc4639357ad083cdb1c2742288a4bdcd30476d
3892,87f794d43954ae3016953acc992aabd3ac7e80d4
3937,9406bc60d3d4742ba70c4df5524d581d8e5b3dc3
3892,87f794d43954ae3016953acc992aabd3ac7e80d4
3914,9db4bcca57ab1493b5cdde8f8bd1dd96ab719add
3892,87f794d43954ae3016953acc992aabd3ac7e80d4
3903,e1fabf37c3541ee374216eb8a31f9fd56f7cd90f
3897,16cff29153eff22ecbba258075bf854d7868311f
3903,e1fabf37c3541ee374216eb8a31f9fd56f7cd90f
3897,16cff29153eff22ecbba258075bf854d7868311f
3900,39f6533e2c54fedb11e05055e904c2b2976277d1
3897,16cff29153eff22ecbba258075bf854d7868311f
3898,78bb03219ca88758f62760ba8d55f33df9ca70cb
3983,e4fc4639357ad083cdb1c2742288a4bdcd30476d
4346,2183f4cc63fbd05420d4645f66fb0ea50c2dacea
3983,e4fc4639357ad083cdb1c2742288a4bdcd30476d
4164,a36a8373ed7c81c92e118fd690ef9b5cd48950db
3983,e4fc4639357ad083cdb1c2742288a4bdcd30476d
4073,ac874a3cc7ed7b003234399492d6c7410aea5823
4028,09de4054b45ff6da5cff6035026c19fae7dc5318
4073,ac874a3cc7ed7b003234399492d6c7410aea5823
4028,09de4054b45ff6da5cff6035026c19fae7dc5318
4050,421474fe6322ff5f1769da53a0ad4279a0799903
4039,2f0a60fc7a9574aae591b0e55cc48dd30418cfc2
4050,421474fe6322ff5f1769da53a0ad4279a0799903
4039,2f0a60fc7a9574aae591b0e55cc48dd30418cfc2
4044,c47b43339fb9e0e138806d6205b8fb80bffa4af6
4041,e6aeea05292865ccdb63b9ba4c0c0e65850483bf
4044,c47b43339fb9e0e138806d6205b8fb80bffa4af6
4041,e6aeea05292865ccdb63b9ba4c0c0e65850483bf
4042,3f239f1d8f4e982b80363f0dc4c920a8342886cd
4073,ac874a3cc7ed7b003234399492d6c7410aea5823
4164,a36a8373ed7c81c92e118fd690ef9b5cd48950db
4073,ac874a3cc7ed7b003234399492d6c7410aea5823
4118,ff64c73c29c682637ce693f40c86e5d0ab5883b3
4073,ac874a3cc7ed7b003234399492d6c7410aea5823
4095,7eb36085f8f42580f91d75093f06ef7e1877f28e
4095,7eb36085f8f42580f91d75093f06ef7e1877f28e
4118,ff64c73c29c682637ce693f40c86e5d0ab5883b3
4106,cf319e699349a35d86bc393702126964263bd6fe
4118,ff64c73c29c682637ce693f40c86e5d0ab5883b3
4118,ff64c73c29c682637ce693f40c86e5d0ab5883b3
4164,a36a8373ed7c81c92e118fd690ef9b5cd48950db
4141,e26c09810d8fdb49f5ba4fbc7daf551067a08aa0
4164,a36a8373ed7c81c92e118fd690ef9b5cd48950db
4164,a36a8373ed7c81c92e118fd690ef9b5cd48950db
4346,2183f4cc63fbd05420d4645f66fb0ea50c2dacea
4164,a36a8373ed7c81c92e118fd690ef9b5cd48950db
4255,7a8a2701f8c8792947c6c4c89c6d88ec64fdb56c
4164,a36a8373ed7c81c92e118fd690ef9b5cd48950db
4209,853f51d8a5565578c10374af07fe354ad215e347
4209,853f51d8a5565578c10374af07fe354ad215e347
4255,7a8a2701f8c8792947c6c4c89c6d88ec64fdb56c
4255,7a8a2701f8c8792947c6c4c89c6d88ec64fdb56c
4346,2183f4cc63fbd05420d4645f66fb0ea50c2dacea
4300,7fa1758f412861d6fc824196d2d772f1c9198a55
4346,2183f4cc63fbd05420d4645f66fb0ea50c2dacea
4323,ddb100a55841e0b65d72a9e781f8a4b822bfc73f
4346,2183f4cc63fbd05420d4645f66fb0ea50c2dacea
4346,2183f4cc63fbd05420d4645f66fb0ea50c2dacea
5795,0199170782a9878c9bfaa682ee8269a22bd1c512
4346,2183f4cc63fbd05420d4645f66fb0ea50c2dacea
5070,72ba7dc36f92ac68000b38918cbd72cf1c97f81c
4346,2183f4cc63fbd05420d4645f66fb0ea50c2dacea
4708,86a217f9c2676af8f0e34d1adf128bbf0bfbdcd3
4346,2183f4cc63fbd05420d4645f66fb0ea50c2dacea
4527,d2b7042275815d365f4d872871705bab9ea82772
4346,2183f4cc63fbd05420d4645f66fb0ea50c2dacea
4436,a3e3ff1762e18b4500f23986c2339da4ad634559
4346,2183f4cc63fbd05420d4645f66fb0ea50c2dacea
4391,2aa8e432acfd29acd3b882e139843282681bb9e8
4346,2183f4cc63fbd05420d4645f66fb0ea50c2dacea
4368,91170bf16f354199c8d83549c27fed08e2170c65
4391,2aa8e432acfd29acd3b882e139843282681bb9e8
4436,a3e3ff1762e18b4500f23986c2339da4ad634559
4436,a3e3ff1762e18b4500f23986c2339da4ad634559
4527,d2b7042275815d365f4d872871705bab9ea82772
4436,a3e3ff1762e18b4500f23986c2339da4ad634559
4481,38ad9f100cce4d934459b7a5e107eed2f74c4ff3
4458,6f8f2d551c8f1503c32f3c117edba9b8ef980e1c
4481,38ad9f100cce4d934459b7a5e107eed2f74c4ff3
4481,38ad9f100cce4d934459b7a5e107eed2f74c4ff3
4527,d2b7042275815d365f4d872871705bab9ea82772
4481,38ad9f100cce4d934459b7a5e107eed2f74c4ff3
4504,15dbf7fa4cf093d22eb818bb0b73238078ce0f0a
4481,38ad9f100cce4d934459b7a5e107eed2f74c4ff3
4492,ab941321653acda7e2d6493872181306864ab803
4492,ab941321653acda7e2d6493872181306864ab803
4504,15dbf7fa4cf093d22eb818bb0b73238078ce0f0a
4492,ab941321653acda7e2d6493872181306864ab803
4498,dc244265fb2aeee4128f8ef835c77a6a3fd41d64
4527,d2b7042275815d365f4d872871705bab9ea82772
4708,86a217f9c2676af8f0e34d1adf128bbf0bfbdcd3
4527,d2b7042275815d365f4d872871705bab9ea82772
4617,a5e5f44d32662a0db04b7845cfac8429b8ea8ba5
4617,a5e5f44d32662a0db04b7845cfac8429b8ea8ba5
4708,86a217f9c2676af8f0e34d1adf128bbf0bfbdcd3
4617,a5e5f44d32662a0db04b7845cfac8429b8ea8ba5
4662,0bb88841906900533fdeb53faebdafa1a3b54c67
4639,526c7fb791aeaf037c4d1add5351cd4d995fd736
4662,0bb88841906900533fdeb53faebdafa1a3b54c67
4639,526c7fb791aeaf037c4d1add5351cd4d995fd736
4650,4747b33b7a2d0ca462b0e5a91e799e7b897244d2
4662,0bb88841906900533fdeb53faebdafa1a3b54c67
4708,86a217f9c2676af8f0e34d1adf128bbf0bfbdcd3
4708,86a217f9c2676af8f0e34d1adf128bbf0bfbdcd3
5070,72ba7dc36f92ac68000b38918cbd72cf1c97f81c
4708,86a217f9c2676af8f0e34d1adf128bbf0bfbdcd3
4889,0b4357cedc273c0705031b374693b8bab55286d0
4798,019b4ecdeeeb7e1016b9809b7b7739d3c3f8bf71
4889,0b4357cedc273c0705031b374693b8bab55286d0
4843,16eacb277ebaca85eea315c6c9ce55168558f074
4889,0b4357cedc273c0705031b374693b8bab55286d0
4889,0b4357cedc273c0705031b374693b8bab55286d0
5070,72ba7dc36f92ac68000b38918cbd72cf1c97f81c
4889,0b4357cedc273c0705031b374693b8bab55286d0
4979,47273156f82cb257fa86a886b662c579ed251634
4889,0b4357cedc273c0705031b374693b8bab55286d0
4934,a3b70eac07bd8e21fe41bee594a05b59edaf4f5e
4889,0b4357cedc273c0705031b374693b8bab55286d0
4911,38d26fc14e8876c015d051ceb48b156698031815
4934,a3b70eac07bd8e21fe41bee594a05b59edaf4f5e
4979,47273156f82cb257fa86a886b662c579ed251634
5070,72ba7dc36f92ac68000b38918cbd72cf1c97f81c
5795,0199170782a9878c9bfaa682ee8269a22bd1c512
5070,72ba7dc36f92ac68000b38918cbd72cf1c97f81c
5432,4690df580f858e73c887b8976dc377fba7459593
5070,72ba7dc36f92ac68000b38918cbd72cf1c97f81c
5251,b99dd3c169019113e08b707d1d6bd0c1147d5972
5070,72ba7dc36f92ac68000b38918cbd72cf1c97f81c
5160,d3411bff8921c10aa67e32f63ff36bd4abb14bd0
5070,72ba7dc36f92ac68000b38918cbd72cf1c97f81c
5115,9b509c7a57d139ef8d9259ac75b61c7f25831d19
5092,c809068f3751b4d9417b39421d1cbee38654aeed
5115,9b509c7a57d139ef8d9259ac75b61c7f25831d19
5160,d3411bff8921c10aa67e32f63ff36bd4abb14bd0
5251,b99dd3c169019113e08b707d1d6bd0c1147d5972
5251,b99dd3c169019113e08b707d1d6bd0c1147d5972
5432,4690df580f858e73c887b8976dc377fba7459593
5251,b99dd3c169019113e08b707d1d6bd0c1147d5972
5341,41944a4765925263048b15166f42c999880fc2fc
5251,b99dd3c169019113e08b707d1d6bd0c1147d5972
5296,34fed69b3947c30eb25fa419af61e93515347131
5273,72f9636b1f04e2cd38613727d77a8282ecd18b5b
5296,34fed69b3947c30eb25fa419af61e93515347131
5284,81ed14787a632654223e79136baab1388ce02ff8
5296,34fed69b3947c30eb25fa419af61e93515347131
5284,81ed14787a632654223e79136baab1388ce02ff8
5290,e494e4d65c154c54acb6d2d3af499225be2bb2cc
5284,81ed14787a632654223e79136baab1388ce02ff8
5287,4976dd6bca27c8ec5b1adaa6d6a6c7a0a633ce95
5285,1f516affda6ff5ba91d6590262163b310971067d
5287,4976dd6bca27c8ec5b1adaa6d6a6c7a0a633ce95
5285,1f516affda6ff5ba91d6590262163b310971067d
5286,72b7f15056842d6ad1065ae0be86ccef5a1801a9
5341,41944a4765925263048b15166f42c999880fc2fc
5432,4690df580f858e73c887b8976dc377fba7459593
5341,41944a4765925263048b15166f42c999880fc2fc
5386,99a2a4cfe53dd3012f9fabf2d276ddb0466da1f5
5341,41944a4765925263048b15166f42c999880fc2fc
5363,cb90e237f502340c100ffe42000721a0de7b77e0
5341,41944a4765925263048b15166f42c999880fc2fc
5352,e4eb016dc842a538b0ef733087273cd2ab1c44ab
5341,41944a4765925263048b15166f42c999880fc2fc
5346,196923a118abd73d0a317f1a5c7048fcf5b4eba1
5343,ae528d01fde6bdbf968bdeecc3848907aea226ea
5346,196923a118abd73d0a317f1a5c7048fcf5b4eba1
5343,ae528d01fde6bdbf968bdeecc3848907aea226ea
5344,a0a86b06abfbe965626788747bbd8731259d87e3
5432,4690df580f858e73c887b8976dc377fba7459593
5795,0199170782a9878c9bfaa682ee8269a22bd1c512
5432,4690df580f858e73c887b8976dc377fba7459593
5613,c755bc51a175be8509eda5757cab719026c4fdce
5432,4690df580f858e73c887b8976dc377fba7459593
5522,cbf80b0e2d1af7ba74cf00396b8da3c8978f866b
5795,0199170782a9878c9bfaa682ee8269a22bd1c512
11591,4f91eedd00d8c97d7ba83b4b45b67d199b3a7f62
5795,0199170782a9878c9bfaa682ee8269a22bd1c512
8693,0785a9271db6bd34e1923065ec3951a1b7be6e13
5795,0199170782a9878c9bfaa682ee8269a22bd1c512
7244,ddc707d64819dd5cd4191be71e67559dccabf0f1
5795,0199170782a9878c9bfaa682ee8269a22bd1c512
6519,37a7e3d6d77c6a6c5642c9b346d4e2cd57c3f5e6
5795,0199170782a9878c9bfaa682ee8269a22bd1c512
6157,0dfd3e9b83c4ddfcac35311b92d6b803dfe6138f
5795,0199170782a9878c9bfaa682ee8269a22bd1c512
5976,0cb0291b8fc5082384bb4628b219f637ff5fa4d3
5976,0cb0291b8fc5082384bb4628b219f637ff5fa4d3
6157,0dfd3e9b83c4ddfcac35311b92d6b803dfe6138f
5976,0cb0291b8fc5082384bb4628b219f637ff5fa4d3
6066,619f61a5067faa5ebf4c737df40e698324f4dc25
5976,0cb0291b8fc5082384bb4628b219f637ff5fa4d3
6021,876693d05d482321ade6fc7cf85f48564cf41f7a
5976,0cb0291b8fc5082384bb4628b219f637ff5fa4d3
5998,31e3c38eb3d4e4533478801856a5d2063793d01b
5976,0cb0291b8fc5082384bb4628b219f637ff5fa4d3
5987,16c6fee8bbc243d2669e055664f51e6ef24119fb
5976,0cb0291b8fc5082384bb4628b219f637ff5fa4d3
5981,82171182f66cda16ddaddbe466685577732cbd95
5976,0cb0291b8fc5082384bb4628b219f637ff5fa4d3
5978,3c37984081067633550a5bc5a7892840ef389616
5976,0cb0291b8fc5082384bb4628b219f637ff5fa4d3
5977,cba1648c8efc6c29b6cdb290e0253978e70a482d
6021,876693d05d482321ade6fc7cf85f48564cf41f7a
6066,619f61a5067faa5ebf4c737df40e698324f4dc25
6066,619f61a5067faa5ebf4c737df40e698324f4dc25
6157,0dfd3e9b83c4ddfcac35311b92d6b803dfe6138f
6066,619f61a5067faa5ebf4c737df40e698324f4dc25
6111,b0784ffb77417942194c9939c2c51aab2d286ab4
6066,619f61a5067faa5ebf4c737df40e698324f4dc25
6088,8d6c2e414862818ff7e879b531a30289bd267a77
6066,619f61a5067faa5ebf4c737df40e698324f4dc25
6077,006c8f7b22a59a2a9888a85504fdeb91691b2308
6077,006c8f7b22a59a2a9888a85504fdeb91691b2308
6088,8d6c2e414862818ff7e879b531a30289bd267a77
6157,0dfd3e9b83c4ddfcac35311b92d6b803dfe6138f
6519,37a7e3d6d77c6a6c5642c9b346d4e2cd57c3f5e6
6157,0dfd3e9b83c4ddfcac35311b92d6b803dfe6138f
6338,b582d1a2d53701c07144ae6c031aade513b6046b
6157,0dfd3e9b83c4ddfcac35311b92d6b803dfe6138f
6247,c48fed735c489d754f6b8d99e2e9619ba0228851
6202,7d5d9fc3b88d7cbfb46d6a1de5a7a226b513f957
6247,c48fed735c489d754f6b8d99e2e9619ba0228851
6247,c48fed735c489d754f6b8d99e2e9619ba0228851
6338,b582d1a2d53701c07144ae6c031aade513b6046b
6292,edc28c75273b5c01d961fba22ae3ef9c45091225
6338,b582d1a2d53701c07144ae6c031aade513b6046b
6338,b582d1a2d53701c07144ae6c031aade513b6046b
6519,37a7e3d6d77c6a6c5642c9b346d4e2cd57c3f5e6
6338,b582d1a2d53701c07144ae6c031aade513b6046b
6428,489a986507c49c7f1eb22f1afd2d194cd4fb4983
6338,b582d1a2d53701c07144ae6c031aade513b6046b
6383,679bdbfff57d00bad7e86af8e0e7b1fc5f0dae3f
6428,489a986507c49c7f1eb22f1afd2d194cd4fb4983
6519,37a7e3d6d77c6a6c5642c9b346d4e2cd57c3f5e6
6519,37a7e3d6d77c6a6c5642c9b346d4e2cd57c3f5e6
7244,ddc707d64819dd5cd4191be71e67559dccabf0f1
6519,37a7e3d6d77c6a6c5642c9b346d4e2cd57c3f5e6
6881,7456ecf859e1d4b30b8f47d7d894432fd08d6ec4
6519,37a7e3d6d77c6a6c5642c9b346d4e2cd57c3f5e6
6700,e3ba9df81347c7264873e557573e868ed2affa7a
6519,37a7e3d6d77c6a6c5642c9b346d4e2cd57c3f5e6
6609,e427b09bfaf84a0d2e0e0b6d3d77e37d5e20e8fe
6564,64499c8bcb65d8d6f24949e7b83211c147e97153
6609,e427b09bfaf84a0d2e0e0b6d3d77e37d5e20e8fe
6700,e3ba9df81347c7264873e557573e868ed2affa7a
6881,7456ecf859e1d4b30b8f47d7d894432fd08d6ec4
6700,e3ba9df81347c7264873e557573e868ed2affa7a
6790,26e37900409e437bfd0fe0436c87563cf5b102b9
6881,7456ecf859e1d4b30b8f47d7d894432fd08d6ec4
7244,ddc707d64819dd5cd4191be71e67559dccabf0f1
6881,7456ecf859e1d4b30b8f47d7d894432fd08d6ec4
7062,f6c003a8c05e420251d64f74bcaec7e25fdc97ab
6881,7456ecf859e1d4b30b8f47d7d894432fd08d6ec4
6971,ac6737c16d78f2f2fa8c56720a960956d5b1e631
7244,ddc707d64819dd5cd4191be71e67559dccabf0f1
8693,0785a9271db6bd34e1923065ec3951a1b7be6e13
7244,ddc707d64819dd5cd4191be71e67559dccabf0f1
7968,a782e611cc42b8457c4e245c02c1a830a7026f5d
7244,ddc707d64819dd5cd4191be71e67559dccabf0f1
7606,4f5c4eed913d714236e2972de40d3c62848cc076
7244,ddc707d64819dd5cd4191be71e67559dccabf0f1
7425,ca6bb60344ab995ada5c70bcad7ce880a94de92c
7244,ddc707d64819dd5cd4191be71e67559dccabf0f1
7334,db53f3ac3cf08212ba93edc5c6e6ed65b4645751
7334,db53f3ac3cf08212ba93edc5c6e6ed65b4645751
7425,ca6bb60344ab995ada5c70bcad7ce880a94de92c
7379,b3f46b75f549639198ffe5c58a5682b3d322a87b
7425,ca6bb60344ab995ada5c70bcad7ce880a94de92c
7402,fedcd8b705a8193aa1c25cc2840c42c2be5a85da
7425,ca6bb60344ab995ada5c70bcad7ce880a94de92c
7425,ca6bb60344ab995ada5c70bcad7ce880a94de92c
7606,4f5c4eed913d714236e2972de40d3c62848cc076
7425,ca6bb60344ab995ada5c70bcad7ce880a94de92c
7515,1316b5bfd84de4df47cd0f29d3c61ac2482e4607
7425,ca6bb60344ab995ada5c70bcad7ce880a94de92c
7470,66a3e14e09dbc86124d2491168f851ea590c80cc
7447,bfbdd2d2b8d60e63a5835665eddd292cb70dab0d
7470,66a3e14e09dbc86124d2491168f851ea590c80cc
7458,baefccd39c2b600ad43a20d5a546d8344d60b51e
7470,66a3e14e09dbc86124d2491168f851ea590c80cc
7458,baefccd39c2b600ad43a20d5a546d8344d60b51e
7464,745aca6b6d636d45edeaecfdcd7512f2cffee08c
7458,baefccd39c2b600ad43a20d5a546d8344d60b51e
7461,25c79057c263c26d7b7e1e19340ca60005543872
7459,b67c6c8549cfafe9656b79594386fe505dac8791
7461,25c79057c263c26d7b7e1e19340ca60005543872
7460,c058f14f6fae7d8e98c790a05826345604e055cd
7461,25c79057c263c26d7b7e1e19340ca60005543872
7515,1316b5bfd84de4df47cd0f29d3c61ac2482e4607
7606,4f5c4eed913d714236e2972de40d3c62848cc076
7560,e1da890106ca086875f4df6310628ac5a0726c78
7606,4f5c4eed913d714236e2972de40d3c62848cc076
7606,4f5c4eed913d714236e2972de40d3c62848cc076
7968,a782e611cc42b8457c4e245c02c1a830a7026f5d
7606,4f5c4eed913d714236e2972de40d3c62848cc076
7787,765c1c5d89c704f1c4fa876c1b6442182da7adbb
7606,4f5c4eed913d714236e2972de40d3c62848cc076
7696,3169d9d22da6cc989173e262080eb1d46a6d3e01
7606,4f5c4eed913d714236e2972de40d3c62848cc076
7651,ee231ab599e5a273bf67c9698f670238190105f0
7606,4f5c4eed913d714236e2972de40d3c62848cc076
7628,15b4f12fa24a272d5e945729b140803a2ddcc606
7617,4f174a1804d97539e0a9a75a3829804fedb2aa90
7628,15b4f12fa24a272d5e945729b140803a2ddcc606
7622,47c660fd34a45ac7f7b29245a1df3fb7a8547783
7628,15b4f12fa24a272d5e945729b140803a2ddcc606
7625,bac34217a32fd89e707984ce6ece359fe0e711bc
7628,15b4f12fa24a272d5e945729b140803a2ddcc606
7626,6a89b73d762e0af7b06e0a87b08746651834aba0
7628,15b4f12fa24a272d5e945729b140803a2ddcc606
7627,b1b5cda383febaa5b4342408e8554172567acd09
7628,15b4f12fa24a272d5e945729b140803a2ddcc606
7628,15b4f12fa24a272d5e945729b140803a2ddcc606
7651,ee231ab599e5a273bf67c9698f670238190105f0
7628,15b4f12fa24a272d5e945729b140803a2ddcc606
7639,a3e8e7bd8e92e2e8ec2a99f3a1927b1130cc79e0
7628,15b4f12fa24a272d5e945729b140803a2ddcc606
7633,a1adbd23d00ce83bb53625312a665e2c647917c4
7628,15b4f12fa24a272d5e945729b140803a2ddcc606
7630,28aed01558b8c8b6e9a183e90fdd3e1406f57a67
7628,15b4f12fa24a272d5e945729b140803a2ddcc606
7629,9ec4d28c7629e47c6d6ca9e40a5cb2c37d6d98ea
7696,3169d9d22da6cc989173e262080eb1d46a6d3e01
7787,765c1c5d89c704f1c4fa876c1b6442182da7adbb
7696,3169d9d22da6cc989173e262080eb1d46a6d3e01
7741,8016d30b7295992a80b215d3ec922d8e30054e98
7696,3169d9d22da6cc989173e262080eb1d46a6d3e01
7718,75ffa73af7493b13fe23d528c28d7855c2428410
7707,4f925916d846a0689f385d4de8268807735d5dba
7718,75ffa73af7493b13fe23d528c28d7855c2428410
7712,dee54fa2b106298de40ccce9e01b99f2ce45feb1
7718,75ffa73af7493b13fe23d528c28d7855c2428410
7712,dee54fa2b106298de40ccce9e01b99f2ce45feb1
7715,b87b7bf16efed94bc614c8168789ee657a9d26e9
7718,75ffa73af7493b13fe23d528c28d7855c2428410
7741,8016d30b7295992a80b215d3ec922d8e30054e98
7741,8016d30b7295992a80b215d3ec922d8e30054e98
7787,765c1c5d89c704f1c4fa876c1b6442182da7adbb
7787,765c1c5d89c704f1c4fa876c1b6442182da7adbb
7968,a782e611cc42b8457c4e245c02c1a830a7026f5d
7787,765c1c5d89c704f1c4fa876c1b6442182da7adbb
7877,b173141c0975529514228a0b473f60610e761d21
7787,765c1c5d89c704f1c4fa876c1b6442182da7adbb
7832,f01cbdfd4bb252648c7fd1f0723969836c106443
7877,b173141c0975529514228a0b473f60610e761d21
7968,a782e611cc42b8457c4e245c02c1a830a7026f5d
7877,b173141c0975529514228a0b473f60610e761d21
7922,752b261644df9df2fed28b463b3b73c322acd443
7877,b173141c0975529514228a0b473f60610e761d21
7899,6e196f6e8995406992af8a388640457f85b31763
7899,6e196f6e8995406992af8a388640457f85b31763
7922,752b261644df9df2fed28b463b3b73c322acd443
7910,21ed26428d23fb5da19b78dd5cfd4fddc4539eff
7922,752b261644df9df2fed28b463b3b73c322acd443
7910,21ed26428d23fb5da19b78dd5cfd4fddc4539eff
7916,9664d28516852277927ae6939d71c47b16d1bd23
7910,21ed26428d23fb5da19b78dd5cfd4fddc4539eff
7913,84c72ca90c7180ab5ca3857063084a128504c304
7910,21ed26428d23fb5da19b78dd5cfd4fddc4539eff
7911,38c43d1a416155cbef69d07a0a653a8fe1ddbfea
7922,752b261644df9df2fed28b463b3b73c322acd443
7968,a782e611cc42b8457c4e245c02c1a830a7026f5d
7945,f5cf08a5722bc8ca49ea70a82dd08a06075fb611
7968,a782e611cc42b8457c4e245c02c1a830a7026f5d
7945,f5cf08a5722bc8ca49ea70a82dd08a06075fb611
7956,6746d67c989f836cdf8c109cedc3e806279e89dd
7950,f5483ea435caf30a4d008dd12a660e603796e705
7956,6746d67c989f836cdf8c109cedc3e806279e89dd
7953,2afba02adcefdeb81042890e92afe2ea2163c40a
7956,6746d67c989f836cdf8c109cedc3e806279e89dd
7954,c055ceac1db45dac5f9b8b6c35f92232d1184e78
7956,6746d67c989f836cdf8c109cedc3e806279e89dd
7955,b179a4579c0b734a7e011d1ec3cb4b80e211bf86
7956,6746d67c989f836cdf8c109cedc3e806279e89dd
7968,a782e611cc42b8457c4e245c02c1a830a7026f5d
8693,0785a9271db6bd34e1923065ec3951a1b7be6e13
7968,a782e611cc42b8457c4e245c02c1a830a7026f5d
8330,0b1d954126786283065b7b22dec4f58cf89a83ca
7968,a782e611cc42b8457c4e245c02c1a830a7026f5d
8149,3d3eb6190f734053de7cb4a6a68711f23c48553d
7968,a782e611cc42b8457c4e245c02c1a830a7026f5d
8058,fe85d269222b1266f917f45eeb3b69cbe159cc0d
7968,a782e611cc42b8457c4e245c02c1a830a7026f5d
8013,c5a6955271d7d0f314111574dcee9fc85bd4ec63
8058,fe85d269222b1266f917f45eeb3b69cbe159cc0d
8149,3d3eb6190f734053de7cb4a6a68711f23c48553d
8058,fe85d269222b1266f917f45eeb3b69cbe159cc0d
8103,26348877ebfed71a7745377dec83284547bca8a6
8080,441f5e6e5f35d102b970bad812cd1ebe0801dd1d
8103,26348877ebfed71a7745377dec83284547bca8a6
8103,26348877ebfed71a7745377dec83284547bca8a6
8149,3d3eb6190f734053de7cb4a6a68711f23c48553d
8149,3d3eb6190f734053de7cb4a6a68711f23c48553d
8330,0b1d954126786283065b7b22dec4f58cf89a83ca
8149,3d3eb6190f734053de7cb4a6a68711f23c48553d
8239,1eb2212d098a6559417fac8162c681ca8f2aae02
8239,1eb2212d098a6559417fac8162c681ca8f2aae02
8330,0b1d954126786283065b7b22dec4f58cf89a83ca
8239,1eb2212d098a6559417fac8162c681ca8f2aae02
8284,c8d13632398ce5bcbe04f9a8ae4e757a326d251a
8284,c8d13632398ce5bcbe04f9a8ae4e757a326d251a
8330,0b1d954126786283065b7b22dec4f58cf89a83ca
8307,30f8b27bd7032e3dd638115987caad0f651fe65e
8330,0b1d954126786283065b7b22dec4f58cf89a83ca
8330,0b1d954126786283065b7b22dec4f58cf89a83ca
8693,0785a9271db6bd34e1923065ec3951a1b7be6e13
8330,0b1d954126786283065b7b22dec4f58cf89a83ca
8511,64fb6c2681d971dfecf734ec929f5bd02fa1b324
8330,0b1d954126786283065b7b22dec4f58cf89a83ca
8420,94c337acb8394335e1b82b515bd8fdd2196f7ded
8330,0b1d954126786283065b7b22dec4f58cf89a83ca
8375,ad5af4cd2ddb3cc679b532cb11f9aa8036f0f089
8375,ad5af4cd2ddb3cc679b532cb11f9aa8036f0f089
8420,94c337acb8394335e1b82b515bd8fdd2196f7ded
8420,94c337acb8394335e1b82b515bd8fdd2196f7ded
8511,64fb6c2681d971dfecf734ec929f5bd02fa1b324
8420,94c337acb8394335e1b82b515bd8fdd2196f7ded
8465,c56ac454d27c2af26dfb37f68799494f4982ddc7
8465,c56ac454d27c2af26dfb37f68799494f4982ddc7
8511,64fb6c2681d971dfecf734ec929f5bd02fa1b324
8465,c56ac454d27c2af26dfb37f68799494f4982ddc7
8488,8ce22facee89a94949e4f79cbe7cd234d0ba37d0
8465,c56ac454d27c2af26dfb37f68799494f4982ddc7
8476,58e6e23d47e45bc8793a772abb8089ce4f50989d
8465,c56ac454d27c2af26dfb37f68799494f4982ddc7
8470,943ccd771a85cbf28b6091c8f6d282beb068a60d
8465,c56ac454d27c2af26dfb37f68799494f4982ddc7
8467,65ae0261d5d28ed3b87fc5d9fa9f4928552127a5
8465,c56ac454d27c2af26dfb37f68799494f4982ddc7
8466,bba21ad66d4408a954ae31928417db1ea6665b16
8511,64fb6c2681d971dfecf734ec929f5bd02fa1b324
8693,0785a9271db6bd34e1923065ec3951a1b7be6e13
8511,64fb6c2681d971dfecf734ec929f5bd02fa1b324
8602,1767cedc1489b1d410ee20a67b9802fc880fa514
8511,64fb6c2681d971dfecf734ec929f5bd02fa1b324
8556,f6f589b8b014cb568d3932cd14449bb173b9e384
8511,64fb6c2681d971dfecf734ec929f5bd02fa1b324
8533,bf590ae0caa4eaec181e77d817f776d92bff4c07
8556,f6f589b8b014cb568d3932cd14449bb173b9e384
8602,1767cedc1489b1d410ee20a67b9802fc880fa514
8579,40dea149458a763ca6642c8081d46c72ca1acbd2
8602,1767cedc1489b1d410ee20a67b9802fc880fa514
8590,ae19bb0b675f5457c6c659d152127a3c5e1d3b56
8602,1767cedc1489b1d410ee20a67b9802fc880fa514
8596,e9835b6a3fd474f207dea6628e6842e479a08b0a
8602,1767cedc1489b1d410ee20a67b9802fc880fa514
8599,b763be1732e5a3e83d46c3012830d363de9a464d
8602,1767cedc1489b1d410ee20a67b9802fc880fa514
8602,1767cedc1489b1d410ee20a67b9802fc880fa514
8693,0785a9271db6bd34e1923065ec3951a1b7be6e13
8602,1767cedc1489b1d410ee20a67b9802fc880fa514
8647,e4def5922d8e02c5e3d3cfcb56ec997660f22eb5
8602,1767cedc1489b1d410ee20a67b9802fc880fa514
8624,1e0e91edf00a6de2f4d3dcd438e0322353d78261
8602,1767cedc1489b1d410ee20a67b9802fc880fa514
8613,73e006d4aa114999afa3cc8633b6fb88c7b8ba35
8693,0785a9271db6bd34e1923065ec3951a1b7be6e13
11591,4f91eedd00d8c97d7ba83b4b45b67d199b3a7f62
8693,0785a9271db6bd34e1923065ec3951a1b7be6e13
10142,6225b05808d902f27d8358a1a24a2af5c976d763
8693,0785a9271db6bd34e1923065ec3951a1b7be6e13
9417,42ce320c053c90fc44998a2b2c703e7c3075eb34
8693,0785a9271db6bd34e1923065ec3951a1b7be6e13
9055,02d88b24b5807817901b80f1d083bd0b9c81ede6
8693,0785a9271db6bd34e1923065ec3951a1b7be6e13
8874,b3c42c4d3bf29f75fa74fa3301a66550012bcb05
8693,0785a9271db6bd34e1923065ec3951a1b7be6e13
8783,7588a5bf35907a9a5aba74e67e87ca2749f5c940
8693,0785a9271db6bd34e1923065ec3951a1b7be6e13
8738,c9b3adaf7a11c098e9a2ef796287cc4aa1fadbb5
8738,c9b3adaf7a11c098e9a2ef796287cc4aa1fadbb5
8783,7588a5bf35907a9a5aba74e67e87ca2749f5c940
8783,7588a5bf35907a9a5aba74e67e87ca2749f5c940
8874,b3c42c4d3bf29f75fa74fa3301a66550012bcb05
8783,7588a5bf35907a9a5aba74e67e87ca2749f5c940
8828,bc58b075bfb643c41f5b604ce73e5a317c34fd73
8783,7588a5bf35907a9a5aba74e67e87ca2749f5c940
8805,0bb1af57eabfe873cac1d74ead4a7cfe3a722490
8783,7588a5bf35907a9a5aba74e67e87ca2749f5c940
8794,17d368df0a50ac12607cac27b5562b5462eac9f4
8828,bc58b075bfb643c41f5b604ce73e5a317c34fd73
8874,b3c42c4d3bf29f75fa74fa3301a66550012bcb05
8874,b3c42c4d3bf29f75fa74fa3301a66550012bcb05
9055,02d88b24b5807817901b80f1d083bd0b9c81ede6
8874,b3c42c4d3bf29f75fa74fa3301a66550012bcb05
8964,cc7f645933028f76abfd00706ee14aa046062a91
8874,b3c42c4d3bf29f75fa74fa3301a66550012bcb05
8919,3fc429352a8edecbe5094e69a1b339f6e164cded
8964,cc7f645933028f76abfd00706ee14aa046062a91
9055,02d88b24b5807817901b80f1d083bd0b9c81ede6
8964,cc7f645933028f76abfd00706ee14aa046062a91
9009,a275846f229551ce0f0393bd8712e192b12efb43
8964,cc7f645933028f76abfd00706ee14aa046062a91
8986,cba80938ea23e438cad6bbf7db26336ad22b1d8c
9055,02d88b24b5807817901b80f1d083bd0b9c81ede6
9417,42ce320c053c90fc44998a2b2c703e7c3075eb34
9055,02d88b24b5807817901b80f1d083bd0b9c81ede6
9236,7d8581bfa6a62eacbcd609b2de8f2c01b0f360de
9055,02d88b24b5807817901b80f1d083bd0b9c81ede6
9145,dc4ac252c523968b0ac64432881fd6e56d83fcd4
9055,02d88b24b5807817901b80f1d083bd0b9c81ede6
9100,783c2dc1373d80abfde426317e4bc62f4b82fb9f
9055,02d88b24b5807817901b80f1d083bd0b9c81ede6
9077,64b855b3d21e89c34606c5715d8a3a6cb02b5229
9066,9330d60417c071029fcedc50476882b400e78f53
9077,64b855b3d21e89c34606c5715d8a3a6cb02b5229
9071,653cee4d079026063e3f370541cbda1206c0c52b
9077,64b855b3d21e89c34606c5715d8a3a6cb02b5229
9074,35d21e56e0b305ae590a99fd8aecc7cbea472d2c
9077,64b855b3d21e89c34606c5715d8a3a6cb02b5229
9075,7102544b157257c74717bc4ae8f501d315b6a184
9077,64b855b3d21e89c34606c5715d8a3a6cb02b5229
9076,cfe442e88a549292e35d178f0f3d32dafb4caf5c
9077,64b855b3d21e89c34606c5715d8a3a6cb02b5229
9077,64b855b3d21e89c34606c5715d8a3a6cb02b5229
9100,783c2dc1373d80abfde426317e4bc62f4b82fb9f
9077,64b855b3d21e89c34606c5715d8a3a6cb02b5229
9088,13ff3568b39a9472d52dabd10c062547115b34d3
9077,64b855b3d21e89c34606c5715d8a3a6cb02b5229
9082,908318c0157dc654c70b7d74efd2124d3300319e
9077,64b855b3d21e89c34606c5715d8a3a6cb02b5229
9079,9a08f15649772b1a1aa9bcaeceab962236489f15
9077,64b855b3d21e89c34606c5715d8a3a6cb02b5229
9078,d93370c0ef3598aae3323648f6d310fe282681b9
9145,dc4ac252c523968b0ac64432881fd6e56d83fcd4
9236,7d8581bfa6a62eacbcd609b2de8f2c01b0f360de
9145,dc4ac252c523968b0ac64432881fd6e56d83fcd4
9190,4b89ddf073004f3814ada771893d7f3944b1e549
9145,dc4ac252c523968b0ac64432881fd6e56d83fcd4
9167,783be8300685c7ef58c248283e6e4639b1a92535
9156,5a846574041f43c89fee498dc940a0cb5e97d880
9167,783be8300685c7ef58c248283e6e4639b1a92535
9236,7d8581bfa6a62eacbcd609b2de8f2c01b0f360de
9417,42ce320c053c90fc44998a2b2c703e7c3075eb34
9326,afeff4d4250dcb84749e958a1fc6218b1d7abf2d
9417,42ce320c053c90fc44998a2b2c703e7c3075eb34
9371,d895ddfd3e88fb0ddf136e85a3149d51c7e0da60
9417,42ce320c053c90fc44998a2b2c703e7c3075eb34
9417,42ce320c053c90fc44998a2b2c703e7c3075eb34
10142,6225b05808d902f27d8358a1a24a2af5c976d763
9417,42ce320c053c90fc44998a2b2c703e7c3075eb34
9779,a4c4c54b8aecece1269a1fd6db78b92f698798ac
9417,42ce320c053c90fc44998a2b2c703e7c3075eb34
9598,6097427f3e6b97e2709467f6581ca1b37eb94f0b
9507,fb49c2bfb74475b99f2370d80ca29699ba78d9cf
9598,6097427f3e6b97e2709467f6581ca1b37eb94f0b
9507,fb49c2bfb74475b99f2370d80ca29699ba78d9cf
9552,9014de9451c2ed18b27612aaf04beaa59bf2bdbb
9598,6097427f3e6b97e2709467f6581ca1b37eb94f0b
9779,a4c4c54b8aecece1269a1fd6db78b92f698798ac
9779,a4c4c54b8aecece1269a1fd6db78b92f698798ac
10142,6225b05808d902f27d8358a1a24a2af5c976d763
9779,a4c4c54b8aecece1269a1fd6db78b92f698798ac
9960,0985f62bce20ba6f2717d60b1f2a2fba2231d429
9779,a4c4c54b8aecece1269a1fd6db78b92f698798ac
9869,5cedd186769e2eeb9e5b42c1de1ac38eeeb55483
9779,a4c4c54b8aecece1269a1fd6db78b92f698798ac
9824,d73a1fb56a28e2d166f38a3804273b6c8b536ea9
9779,a4c4c54b8aecece1269a1fd6db78b92f698798ac
9801,ccf3cd2a7d66a2f0a0777ecde7fcf34df2aaaed2
9779,a4c4c54b8aecece1269a1fd6db78b92f698798ac
9790,85e1ff9c339443de48d5fdaff396bff83929a7b5
9779,a4c4c54b8aecece1269a1fd6db78b92f698798ac
9784,3260bc55bd48b60186f1d65172e7d778b3ab523a
9779,a4c4c54b8aecece1269a1fd6db78b92f698798ac
9781,b92c61faeaff577eb8ac051b4ab349f423dff7e3
9869,5cedd186769e2eeb9e5b42c1de1ac38eeeb55483
9960,0985f62bce20ba6f2717d60b1f2a2fba2231d429
9869,5cedd186769e2eeb9e5b42c1de1ac38eeeb55483
9914,cd79decbe7419e44128e1efa89d4ca00fdef5fc8
9869,5cedd186769e2eeb9e5b42c1de1ac38eeeb55483
9891,bc2c9e9257b7afe96de5b5fd73e15cc0a74a73d3
9869,5cedd186769e2eeb9e5b42c1de1ac38eeeb55483
9880,1a1790f81e2e037ae3e62eb3aa5d292501bec64c
9874,f0daba22295c7aa45077f1e6d1737a23b92d5578
9880,1a1790f81e2e037ae3e62eb3aa5d292501bec64c
9877,b2351e31f0e77df19796dbc1f920794bc5d102ae
9880,1a1790f81e2e037ae3e62eb3aa5d292501bec64c
9878,3c8e7ad5f4e1e198498bc91e391a851727638495
9880,1a1790f81e2e037ae3e62eb3aa5d292501bec64c
9880,1a1790f81e2e037ae3e62eb3aa5d292501bec64c
9891,bc2c9e9257b7afe96de5b5fd73e15cc0a74a73d3
9880,1a1790f81e2e037ae3e62eb3aa5d292501bec64c
9885,0652dda968c002012566fadd6a4e45c15a9d14d8
9880,1a1790f81e2e037ae3e62eb3aa5d292501bec64c
9882,8918deb58b8ddeefdcaee3ebf3b613ccc774c654
9881,b09529481c7d444b004569356b2fbd6ae273d5f2
9882,8918deb58b8ddeefdcaee3ebf3b613ccc774c654
9882,8918deb58b8ddeefdcaee3ebf3b613ccc774c654
9885,0652dda968c002012566fadd6a4e45c15a9d14d8
9882,8918deb58b8ddeefdcaee3ebf3b613ccc774c654
9883,16410c031ce162d631c3e6dc7b1798902bc3a1d5
9883,16410c031ce162d631c3e6dc7b1798902bc3a1d5
9885,0652dda968c002012566fadd6a4e45c15a9d14d8
9885,0652dda968c002012566fadd6a4e45c15a9d14d8
9891,bc2c9e9257b7afe96de5b5fd73e15cc0a74a73d3
9885,0652dda968c002012566fadd6a4e45c15a9d14d8
9888,146ae04a964b4bc41649e5a54f8a019a34f8e4db
9886,e11b67acbef353b1425359ed487d0fa46e1672ac
9888,146ae04a964b4bc41649e5a54f8a019a34f8e4db
9886,e11b67acbef353b1425359ed487d0fa46e1672ac
9887,b14002522833d569ae2a47589cae1dc8d4df67b8
9887,b14002522833d569ae2a47589cae1dc8d4df67b8
9888,146ae04a964b4bc41649e5a54f8a019a34f8e4db
9888,146ae04a964b4bc41649e5a54f8a019a34f8e4db
9891,bc2c9e9257b7afe96de5b5fd73e15cc0a74a73d3
9888,146ae04a964b4bc41649e5a54f8a019a34f8e4db
9889,f005b9f3b7b655a6f15f555794c3d53d2731a0b1
9889,f005b9f3b7b655a6f15f555794c3d53d2731a0b1
9891,bc2c9e9257b7afe96de5b5fd73e15cc0a74a73d3
9890,006ede4b3620faef428af93416d7d683cf615ad8
9891,bc2c9e9257b7afe96de5b5fd73e15cc0a74a73d3
9960,0985f62bce20ba6f2717d60b1f2a2fba2231d429
10142,6225b05808d902f27d8358a1a24a2af5c976d763
10142,6225b05808d902f27d8358a1a24a2af5c976d763
11591,4f91eedd00d8c97d7ba83b4b45b67d199b3a7f62
10142,6225b05808d902f27d8358a1a24a2af5c976d763
10866,e44cb8be8a186d4a8d7a3573a1f8a6d51488f3c9
10142,6225b05808d902f27d8358a1a24a2af5c976d763
10504,ac75111b29e62e62312aa83fd580627b1b106514
10142,6225b05808d902f27d8358a1a24a2af5c976d763
10323,88ebf4baec315dfa979381deabb9ad409531a189
10142,6225b05808d902f27d8358a1a24a2af5c976d763
10232,a7669bcfbac14f013b7d4ca368cc5503de30ccc1
10187,e5ce2ad4aad48017f4d1fdae6ec8b6b641ef6d76
10232,a7669bcfbac14f013b7d4ca368cc5503de30ccc1
10187,e5ce2ad4aad48017f4d1fdae6ec8b6b641ef6d76
10209,8b6a2c2cf3bd5f2058c943a669060d21d3e6f5db
10198,f1ae58aeb283f8507ce7e0a967e345b1ce5c67e9
10209,8b6a2c2cf3bd5f2058c943a669060d21d3e6f5db
10198,f1ae58aeb283f8507ce7e0a967e345b1ce5c67e9
10203,1c8aadd3687682789e43ccad1a0977f1ec96634b
10198,f1ae58aeb283f8507ce7e0a967e345b1ce5c67e9
10200,54ee3cbb3cf11fef4d8a0b5860dd0c895879ce2b
10198,f1ae58aeb283f8507ce7e0a967e345b1ce5c67e9
10199,e4c6dfd855859ea3fc88a785d070626598ff73bc
11591,4f91eedd00d8c97d7ba83b4b45b67d199b3a7f62
23182,f69be111ef302822f397294825694f281c81f706
11591,4f91eedd00d8c97d7ba83b4b45b67d199b3a7f62
17386,7c5b101e13fe591e74c090dacbc5e55f1ebd72de
11591,4f91eedd00d8c97d7ba83b4b45b67d199b3a7f62
14488,770a79d732b56230f39f3872fa96618c03158d41
11591,4f91eedd00d8c97d7ba83b4b45b67d199b3a7f62
13039,28256e2ec0d44fc5d5199acec4be5966454e122a
11591,4f91eedd00d8c97d7ba83b4b45b67d199b3a7f62
12315,3a865b32ad4439eed867a041d4dc06fb3759052a
11591,4f91eedd00d8c97d7ba83b4b45b67d199b3a7f62
11953,d23b6f68a854d764a09551d2177eb46dce5fa730
11591,4f91eedd00d8c97d7ba83b4b45b67d199b3a7f62
11772,1252cf2af5b66f757a2942dc559cac21b5d108ad
11591,4f91eedd00d8c97d7ba83b4b45b67d199b3a7f62
11681,b07fa6ad824c5a45d85a9790bff57ac5a736c8f4
11591,4f91eedd00d8c97d7ba83b4b45b67d199b3a7f62
11636,5f03115bf55bf5cd8cf82c7269cfd2c24a76f983
11613,857da116570daf586d95452aea98aaab7ec0ad79
11636,5f03115bf55bf5cd8cf82c7269cfd2c24a76f983
11624,5db4d6dd3e2e3168121aad7eee823ac2b329e297
11636,5f03115bf55bf5cd8cf82c7269cfd2c24a76f983
11630,8d292be6495e757464f85d4b11b57d37e2eab032
11636,5f03115bf55bf5cd8cf82c7269cfd2c24a76f983
11633,2c80efab94dcc681dcefc6b9f621382925c27d51
11636,5f03115bf55bf5cd8cf82c7269cfd2c24a76f983
11634,eb3a67de77e4a5cf0351ac396c9915e7f798220b
11636,5f03115bf55bf5cd8cf82c7269cfd2c24a76f983
11635,43d5068ae2491b7e4ebac60d526c0ee042a36a5b
11636,5f03115bf55bf5cd8cf82c7269cfd2c24a76f983
11681,b07fa6ad824c5a45d85a9790bff57ac5a736c8f4
11772,1252cf2af5b66f757a2942dc559cac21b5d108ad
11772,1252cf2af5b66f757a2942dc559cac21b5d108ad
11953,d23b6f68a854d764a09551d2177eb46dce5fa730
11772,1252cf2af5b66f757a2942dc559cac21b5d108ad
11862,48a97d6ac445045a8058541e5f9503298cfc93a9
11953,d23b6f68a854d764a09551d2177eb46dce5fa730
12315,3a865b32ad4439eed867a041d4dc06fb3759052a
12134,fdf6523d27cd897d72a306e8e74f3ffd386d0bf9
12315,3a865b32ad4439eed867a041d4dc06fb3759052a
12315,3a865b32ad4439eed867a041d4dc06fb3759052a
13039,28256e2ec0d44fc5d5199acec4be5966454e122a
12315,3a865b32ad4439eed867a041d4dc06fb3759052a
12677,38e5132239fe5cc276e4ee86297a34be24e1f03b
12315,3a865b32ad4439eed867a041d4dc06fb3759052a
12496,0ed8bede70c6302cfe7867c35f1cf18cfdbe2aaf
12405,5014a8308442a9a03ade85b75f81d02bb1881656
12496,0ed8bede70c6302cfe7867c35f1cf18cfdbe2aaf
12450,7db235c31c7744bc164733ebb16948ad4856fe83
12496,0ed8bede70c6302cfe7867c35f1cf18cfdbe2aaf
12473,865c21f3656191e26f56daadf92fd54575771ae5
12496,0ed8bede70c6302cfe7867c35f1cf18cfdbe2aaf
12473,865c21f3656191e26f56daadf92fd54575771ae5
12484,c17829b5c46fb974b7362f9185515d31e1be3c4c
12478,61e9240df5a9032c524f157eddeb614582973e93
12484,c17829b5c46fb974b7362f9185515d31e1be3c4c
12481,265f5c76f6d44e06fc492f4b020bd2811441fe2a
12484,c17829b5c46fb974b7362f9185515d31e1be3c4c
12481,265f5c76f6d44e06fc492f4b020bd2811441fe2a
12482,6e73e9359b2dd6992d5d0e6b53b107eba35cffbd
12496,0ed8bede70c6302cfe7867c35f1cf18cfdbe2aaf
12677,38e5132239fe5cc276e4ee86297a34be24e1f03b
12496,0ed8bede70c6302cfe7867c35f1cf18cfdbe2aaf
12586,60864d40547953ed254d86ec27dfbd84197ce657
12541,9ce2d6680f799a1b2dc2ca27cfa78262f23f455a
12586,60864d40547953ed254d86ec27dfbd84197ce657
12563,f4af15cf7a7531990143731b68d4c25acecae0cd
12586,60864d40547953ed254d86ec27dfbd84197ce657
12563,f4af15cf7a7531990143731b68d4c25acecae0cd
12574,a79bfe7c7c788f15e11028adf26c691b39ebaec7
12563,f4af15cf7a7531990143731b68d4c25acecae0cd
12568,efa172514a61e4f613e3d99e5b0dd2339e245be6
12565,51bac455be9e835f7401b5ec6c1b311578c6b54e
12568,efa172514a61e4f613e3d99e5b0dd2339e245be6
12566,b7607b60b3b2793e5116077969cd9bec136d1037
12568,efa172514a61e4f613e3d99e5b0dd2339e245be6
12566,b7607b60b3b2793e5116077969cd9bec136d1037
12567,53e899e4b57213b595ef4dc9831cd9fc6028050d
12677,38e5132239fe5cc276e4ee86297a34be24e1f03b
13039,28256e2ec0d44fc5d5199acec4be5966454e122a
12677,38e5132239fe5cc276e4ee86297a34be24e1f03b
12858,5d74e83849df3b2ec8ded37287c38f00989bca64
12858,5d74e83849df3b2ec8ded37287c38f00989bca64
13039,28256e2ec0d44fc5d5199acec4be5966454e122a
13039,28256e2ec0d44fc5d5199acec4be5966454e122a
14488,770a79d732b56230f39f3872fa96618c03158d41
13039,28256e2ec0d44fc5d5199acec4be5966454e122a
13763,60ae2eb17bf52e2f8464b41f11dbcdf2d7c1b15f
13039,28256e2ec0d44fc5d5199acec4be5966454e122a
13401,3159b4bbeb4a8b4d510f9bf1876085bb6ecf3f30
13220,3e2b68df70f0be8f8323a7d55ecdff5c36dd70f0
13401,3159b4bbeb4a8b4d510f9bf1876085bb6ecf3f30
13401,3159b4bbeb4a8b4d510f9bf1876085bb6ecf3f30
13763,60ae2eb17bf52e2f8464b41f11dbcdf2d7c1b15f
13401,3159b4bbeb4a8b4d510f9bf1876085bb6ecf3f30
13582,d0a4a8738798459c767ea20dc12b94ce38f6810f
13491,55ee9c9d1c37172bb1429f80570132c58bd9cfcd
13582,d0a4a8738798459c767ea20dc12b94ce38f6810f
13491,55ee9c9d1c37172bb1429f80570132c58bd9cfcd
13536,1646c50ddafac4d9d146b0ba7289177d55495a08
13491,55ee9c9d1c37172bb1429f80570132c58bd9cfcd
13513,3119a6d29df6563e7437406db2bce70c9f07c832
13502,3bcbff82f7f3d6e45b59f7d86e91720d23b83ffd
13513,3119a6d29df6563e7437406db2bce70c9f07c832
13502,3bcbff82f7f3d6e45b59f7d86e91720d23b83ffd
13507,7c38bf032e7d38cd54e6476c733ee3013615a55f
13502,3bcbff82f7f3d6e45b59f7d86e91720d23b83ffd
13504,c9b7f2266fef3fcb70b3030a1ecc94b8a3418a28
13502,3bcbff82f7f3d6e45b59f7d86e91720d23b83ffd
13503,e352e82dd4b1df5a6e3aa3d8ab411121ff631675
13582,d0a4a8738798459c767ea20dc12b94ce38f6810f
13763,60ae2eb17bf52e2f8464b41f11dbcdf2d7c1b15f
13582,d0a4a8738798459c767ea20dc12b94ce38f6810f
13672,404a5fc192e3d1e6e7fca35ce06db65ed0d1a268
13763,60ae2eb17bf52e2f8464b41f11dbcdf2d7c1b15f
14488,770a79d732b56230f39f3872fa96618c03158d41
13763,60ae2eb17bf52e2f8464b41f11dbcdf2d7c1b15f
14125,82dad1219f81196d155a1a396eb4bb283f119f8e
13944,c8b84c298b8c062342f8022d4652eb6b15809c26
14125,82dad1219f81196d155a1a396eb4bb283f119f8e
14488,770a79d732b56230f39f3872fa96618c03158d41
17386,7c5b101e13fe591e74c090dacbc5e55f1ebd72de
14488,770a79d732b56230f39f3872fa96618c03158d41
15937,2645d35f3ef6aaba305685faa80701898c1f2079
14488,770a79d732b56230f39f3872fa96618c03158d41
15212,3f7123e5b8ff9219e5c49070c0e85592445f1941
14850,0a3acbac8faa36105592189222f68920d4d0e116
15212,3f7123e5b8ff9219e5c49070c0e85592445f1941
15212,3f7123e5b8ff9219e5c49070c0e85592445f1941
15937,2645d35f3ef6aaba305685faa80701898c1f2079
15212,3f7123e5b8ff9219e5c49070c0e85592445f1941
15574,f6b2c95b3ad46bc77fe8f082cdc344409ce9def6
15212,3f7123e5b8ff9219e5c49070c0e85592445f1941
15393,aa67491aa11826cdd689a14355400588702df71a
15212,3f7123e5b8ff9219e5c49070c0e85592445f1941
15302,1fce91f62c57fd127039bc06faa308aa81d93c67
15393,aa67491aa11826cdd689a14355400588702df71a
15574,f6b2c95b3ad46bc77fe8f082cdc344409ce9def6
15574,f6b2c95b3ad46bc77fe8f082cdc344409ce9def6
15937,2645d35f3ef6aaba305685faa80701898c1f2079
15937,2645d35f3ef6aaba305685faa80701898c1f2079
17386,7c5b101e13fe591e74c090dacbc5e55f1ebd72de
15937,2645d35f3ef6aaba305685faa80701898c1f2079
16661,e4e178f33e8ecf2b4b74f8258f9a808564758245
15937,2645d35f3ef6aaba305685faa80701898c1f2079
16299,edb5dae7edb2ac0e13c5971bffcebf64c991b0c7
15937,2645d35f3ef6aaba305685faa80701898c1f2079
16118,0bfb8e9daf6c7cb0367f4f2a87c3cb4d75ce84e0
15937,2645d35f3ef6aaba305685faa80701898c1f2079
16027,f5b3a2b713ce90c4154009454e34a916a07d2bb9
15937,2645d35f3ef6aaba305685faa80701898c1f2079
15982,0bf32bbb1b8f67ef96d0db3d8c4bf50f3c85e917
15937,2645d35f3ef6aaba305685faa80701898c1f2079
15959,bc5a37a16b8599f48e480310b29d3823be2ef93e
15937,2645d35f3ef6aaba305685faa80701898c1f2079
15948,1cd290053e98b507c9918504ab0e20a452aad046
15937,2645d35f3ef6aaba305685faa80701898c1f2079
15942,434e82f554e6eda30810f1d94d9e61a0f213ccff
15939,5bdb35f2d6a85a6dc123cb0a8839b5729e6fae30
15942,434e82f554e6eda30810f1d94d9e61a0f213ccff
15940,e363dbf4f46a0c63f0e93c7cfca67c030059e277
15942,434e82f554e6eda30810f1d94d9e61a0f213ccff
15940,e363dbf4f46a0c63f0e93c7cfca67c030059e277
15941,5dd61fa5da63724117eef14eba40b16b8a70f2c4
16027,f5b3a2b713ce90c4154009454e34a916a07d2bb9
16118,0bfb8e9daf6c7cb0367f4f2a87c3cb4d75ce84e0
16072,ea226813adabc183649129573eefa55522833eff
16118,0bfb8e9daf6c7cb0367f4f2a87c3cb4d75ce84e0
16661,e4e178f33e8ecf2b4b74f8258f9a808564758245
17386,7c5b101e13fe591e74c090dacbc5e55f1ebd72de
17023,afe38fae48a38f35a8c8f66a690cfe43d7899bdd
17386,7c5b101e13fe591e74c090dacbc5e55f1ebd72de
17023,afe38fae48a38f35a8c8f66a690cfe43d7899bdd
17204,530885ac0fbb260397d269c5442749f2ac4620b5
17386,7c5b101e13fe591e74c090dacbc5e55f1ebd72de
23182,f69be111ef302822f397294825694f281c81f706
17386,7c5b101e13fe591e74c090dacbc5e55f1ebd72de
20284,8e1f3b6e85a9aa455964c699aa8025266df0d952
17386,7c5b101e13fe591e74c090dacbc5e55f1ebd72de
18835,1832966e7a9461ac5a62ba865afb35e322e865e0
17386,7c5b101e13fe591e74c090dacbc5e55f1ebd72de
18110,acc176223a598f1e214d795072d0e8eb2f6b97b4
17748,ca9869bb0a880e74eadaec836abe5afbc1887583
18110,acc176223a598f1e214d795072d0e8eb2f6b97b4
17748,ca9869bb0a880e74eadaec836abe5afbc1887583
17929,b9a4453f663ea5cfe728659da8dc449c9f232d4f
17748,ca9869bb0a880e74eadaec836abe5afbc1887583
17838,c4d36b1cba206dd1fe9fdd9928c100172a65b7a6
17748,ca9869bb0a880e74eadaec836abe5afbc1887583
17793,27c4be365c9d23744391ce2bea7027b83a405b8a
17770,f80db629383686803be3ef2a9a2482c1f233aaf8
17793,27c4be365c9d23744391ce2bea7027b83a405b8a
17781,4b89ff202f8ccd7f632fa83ac1cdada7a03fd845
17793,27c4be365c9d23744391ce2bea7027b83a405b8a
17787,2ae51d5a76d02323a342fa20cc7fc18ba0154458
17793,27c4be365c9d23744391ce2bea7027b83a405b8a
17790,19f134809d4c705eba7f1a7eae8a25b2e1a668d6
17793,27c4be365c9d23744391ce2bea7027b83a405b8a
17791,10eb04dfb66bc4572a8f961b9974dac1f1dd24f7
17793,27c4be365c9d23744391ce2bea7027b83a405b8a
17792,222f4161bcb5807386f08f1a05e812d046a2dbfc
17793,27c4be365c9d23744391ce2bea7027b83a405b8a
18110,acc176223a598f1e214d795072d0e8eb2f6b97b4
18835,1832966e7a9461ac5a62ba865afb35e322e865e0
18835,1832966e7a9461ac5a62ba865afb35e322e865e0
20284,8e1f3b6e85a9aa455964c699aa8025266df0d952
18835,1832966e7a9461ac5a62ba865afb35e322e865e0
19559,a6af86946a0f9f022b03a4ed55233a8871072874
18835,1832966e7a9461ac5a62ba865afb35e322e865e0
19197,a5325489f25188be28b8b0ec5c6d9dd842f8f167
18835,1832966e7a9461ac5a62ba865afb35e322e865e0
19016,7340859e5f5a87fabd6b699cf57da9a954abc14d
18835,1832966e7a9461ac5a62ba865afb35e322e865e0
18925,ef73f9b099ec3fcb55ceb430458f1b62012cb43c
19197,a5325489f25188be28b8b0ec5c6d9dd842f8f167
19559,a6af86946a0f9f022b03a4ed55233a8871072874
19197,a5325489f25188be28b8b0ec5c6d9dd842f8f167
19378,e6e971abb8551d397aa5d1b0a6814a5fee60d69c
19287,97e257c2f07546d44513e7b58b13e7e8f4135dc1
19378,e6e971abb8551d397aa5d1b0a6814a5fee60d69c
19332,aa8db9b36da093dd128d551a210ff276bf0dafb7
19378,e6e971abb8551d397aa5d1b0a6814a5fee60d69c
19355,f7204bdcafaa6282ff9e8a730885cf530aab175a
19378,e6e971abb8551d397aa5d1b0a6814a5fee60d69c
19366,9e6b42158180790c62027c53458864f9ba3305fc
19378,e6e971abb8551d397aa5d1b0a6814a5fee60d69c
19372,f75d93ea3c3fe42837c26f0c6b24901dfaf64fa1
19378,e6e971abb8551d397aa5d1b0a6814a5fee60d69c
19375,1f1c7b3b940020cad09fa223f31ff1d9dcc67586
19378,e6e971abb8551d397aa5d1b0a6814a5fee60d69c
19376,7f475ca53056f545654b09266f90b65ba2b6161a
19378,e6e971abb8551d397aa5d1b0a6814a5fee60d69c
19376,7f475ca53056f545654b09266f90b65ba2b6161a
19377,dc84e364057c1c4265c40314826dfe9824f96149
19559,a6af86946a0f9f022b03a4ed55233a8871072874
20284,8e1f3b6e85a9aa455964c699aa8025266df0d952
19921,86a7e7bbac949b5b15034f9f7b67fd5a96da7966
20284,8e1f3b6e85a9aa455964c699aa8025266df0d952
20284,8e1f3b6e85a9aa455964c699aa8025266df0d952
23182,f69be111ef302822f397294825694f281c81f706
20284,8e1f3b6e85a9aa455964c699aa8025266df0d952
21733,6f74b73ad2267844c4209eee31efa9e2fbb380ac
20284,8e1f3b6e85a9aa455964c699aa8025266df0d952
21008,af4bef2bdd3405b2b5a13d8e81c210799f4e49b0
20284,8e1f3b6e85a9aa455964c699aa8025266df0d952
20646,8f8b3433a9d0c909183f086a33c8aa686a370cf6
20646,8f8b3433a9d0c909183f086a33c8aa686a370cf6
21008,af4bef2bdd3405b2b5a13d8e81c210799f4e49b0
21008,af4bef2bdd3405b2b5a13d8e81c210799f4e49b0
21733,6f74b73ad2267844c4209eee31efa9e2fbb380ac
21008,af4bef2bdd3405b2b5a13d8e81c210799f4e49b0
21370,f52b89746b321c7f6f25ec5243650ae9908343f0
21008,af4bef2bdd3405b2b5a13d8e81c210799f4e49b0
21189,3ae811e32ffa76ea86740c202b6aceb7b667d84a
21189,3ae811e32ffa76ea86740c202b6aceb7b667d84a
21370,f52b89746b321c7f6f25ec5243650ae9908343f0
21279,28025a4d128ae7ac4593b0b2cdbbc4a0d3e9c1b2
21370,f52b89746b321c7f6f25ec5243650ae9908343f0
21370,f52b89746b321c7f6f25ec5243650ae9908343f0
21733,6f74b73ad2267844c4209eee31efa9e2fbb380ac
21370,f52b89746b321c7f6f25ec5243650ae9908343f0
21551,0ebb739b3718dd1797afc59af5af311d5b5ed0ff
21733,6f74b73ad2267844c4209eee31efa9e2fbb380ac
23182,f69be111ef302822f397294825694f281c81f706
21733,6f74b73ad2267844c4209eee31efa9e2fbb380ac
22457,808c44faac8e1f348dcb95896d8f537a89156414
21733,6f74b73ad2267844c4209eee31efa9e2fbb380ac
22095,ecbed17752f50d8fd401cca39bf525c4e03a44d5
21733,6f74b73ad2267844c4209eee31efa9e2fbb380ac
21914,4ef7e3fb5a36ee7571d7a2577f4b73b3fd5ea392
22095,ecbed17752f50d8fd401cca39bf525c4e03a44d5
22457,808c44faac8e1f348dcb95896d8f537a89156414
22276,06d7d2be30ff580a17f5e7c6b989274835686d61
22457,808c44faac8e1f348dcb95896d8f537a89156414
22457,808c44faac8e1f348dcb95896d8f537a89156414
23182,f69be111ef302822f397294825694f281c81f706
22457,808c44faac8e1f348dcb95896d8f537a89156414
22819,ecb590848543dd33504a94d555ec7067172d7dac
22457,808c44faac8e1f348dcb95896d8f537a89156414
22638,a0bc39d9c8ec44d0cc7ee8af8904870fcc95aabf
22638,a0bc39d9c8ec44d0cc7ee8af8904870fcc95aabf
22819,ecb590848543dd33504a94d555ec7067172d7dac
22638,a0bc39d9c8ec44d0cc7ee8af8904870fcc95aabf
22728,0a4c6580b23347c513a8dea1763a1d03c606225c
22819,ecb590848543dd33504a94d555ec7067172d7dac
23182,f69be111ef302822f397294825694f281c81f706
22819,ecb590848543dd33504a94d555ec7067172d7dac
23000,4298e77c7edab4281a7da1113220c2435ca57b89
22819,ecb590848543dd33504a94d555ec7067172d7dac
22909,d08fb037c7866da1d83160414ed42d09c680a66a
23000,4298e77c7edab4281a7da1113220c2435ca57b89
23182,f69be111ef302822f397294825694f281c81f706
23000,4298e77c7edab4281a7da1113220c2435ca57b89
23091,eea1ea20dd65b1afc982f4c0f38e3d1f39bd80a8
23000,4298e77c7edab4281a7da1113220c2435ca57b89
23045,1266eca4bd05cefee85ed21eab2b23762d779a7d
23000,4298e77c7edab4281a7da1113220c2435ca57b89
23022,66b5fd042522fc58fded09d549b6b12d61ee1cf9
23000,4298e77c7edab4281a7da1113220c2435ca57b89
23011,659c11e37b3fbcd2b1515b7c4239711bbb82e0f8
23000,4298e77c7edab4281a7da1113220c2435ca57b89
23005,2562a880f818481eef87c59b4bf20c2f2e818bb1
23002,bdb9d1939479da96f03bbee9819577b1a3ed3f9a
23005,2562a880f818481eef87c59b4bf20c2f2e818bb1
