2012-04-26T14:06:13+02:00,2000d918206f9a0afc717d0f01f0c3e0aa741ee4,0,0
2012-05-24T15:17:10+02:00,07deaf2e72f37585251e7e8ede12ecb0eb3d0682,0,0
2012-05-24T15:34:12+02:00,4c7d7d4959c08d832b07ea9bb7210794833f5a01,0,0
2012-05-24T15:35:37+02:00,7b79fc0a689d087ebea1e89beafa6821179a17bb,0,0
2012-05-24T17:04:57+02:00,e25d4468b038763aeca7e76676f0f05b4021f293,0,0
2012-05-29T11:04:29+02:00,372d70bd3056b0ba961f317acc05f2cba121a3e2,0,0
2012-05-29T12:47:00+02:00,244ecd93b31aebf954d86cc57203dacbed4e97c5,0,0
2012-05-29T13:36:51+02:00,c1ca97646227bacb8d86d086a608090695138b28,0,0
2012-05-29T14:53:11+02:00,411c89d442a03a62ea100456c3e1c1cd5611e206,0,0
2012-06-06T09:51:12+02:00,0a858f3599a4571f109c0464ccbc9221e232f106,0,0
2012-06-06T14:00:53+02:00,73ae50987b1602d6876dc9837aef830b5a291f94,0,0
2012-06-06T14:04:04+02:00,9c7dfc5d4dd14eda823b1b2b8bb8cd433c723f71,0,0
2012-06-06T16:09:06+02:00,18fcd3237049884d4e23c5deea6e292007a9e778,0,0
2012-06-11T13:03:19+02:00,28c6107406896e695daff36ec5c636c4371a62f3,0,0
2012-06-11T16:52:00+02:00,4e7fc47089d449ab0bf8be2e8da556338d828a93,0,0
2012-06-12T14:29:29+02:00,cc83e98defec91b23464b294dbebbbf6787cb3f9,0,0
2012-06-15T10:34:00+02:00,740295be23ef44932a25a21456d46799749f77dc,0,0
2012-06-18T13:28:39+02:00,5f451888cf4b9a607185cecd642ace8337df8082,0,0
2012-06-19T13:39:55+02:00,17b78ee469f9ab4678c9aa823663f0cd4871b1fc,0,0
2012-06-19T14:05:29+02:00,7aecb0eff2d9ba0db99f2dc8c555d2f2fbd963b0,0,0
2012-06-19T14:16:25+02:00,e9fb0fcbedf7208d62342b31772168f72637e558,0,0
2012-06-19T16:06:26+02:00,3b7a80f355aee304612a2f409818120e1ca414d1,0,0
2012-06-20T16:25:20+03:00,d0c4a28a8a2c68b1ca7da4320260173150a4d6ea,0,0
2012-06-21T15:42:37+03:00,1fdcfdd612b044725439051a58a045346b626698,0,0
2012-06-21T15:46:39+03:00,8ca9776b509ac81f3c6871b02cbc9a840816c7a5,0,0
2012-06-22T14:12:36+03:00,c6ee15ef0eb47cd352c237112af211b8cedb4f55,0,0
2012-06-25T05:41:58-07:00,33132b10b4d5c73f07dd9f1aece49ddd783c9055,0,0
2012-06-26T10:18:14+03:00,c641f3a18ac496958edc99f078c68758f3d3c275,0,0
2012-06-26T13:59:38+02:00,b6a73feffa4c7d004baacc800f05aa4e9db32bbd,0,0
2012-06-26T15:19:44+02:00,34ba6fccd3ca33806c061bf99150b00bdc5483a9,0,0
2012-06-27T04:21:03-07:00,c9f157e40d49a2f9a6986a0101ffc33d56631f9c,0,0
2012-06-27T09:24:15+02:00,f07bdac47cb16edb97e3346433425cffdd08ee06,0,0
2012-06-28T14:42:15+03:00,3f2df72aeaae3eb8e3907bc0ebcc62dc2be16189,0,0
2012-06-28T15:05:51+02:00,8c47320a36a0cbc1b3c824a59bb42d38fae558a2,0,0
2012-06-29T08:58:56+02:00,28ea85482b9332de21e78d035142e09b2b29f8d5,0,0
2012-06-29T16:38:54+02:00,c075e315e3ac84c0c0410360a0dac3ceefa634bb,0,0
2012-06-29T17:27:44+03:00,2060e05a33f21b9f5ce0a63e3d32111e6839bd6f,0,0
2012-06-30T16:22:52+03:00,f14c355422dcf6472856ad865e61d4aad9d051fb,0,0
2012-07-02T10:44:47+02:00,6d989cfffad12038576cd6a1f07dc3683c7f792a,0,0
2012-07-03T12:44:12+02:00,5b8509436a60728d00b3344f3986fd8ea8a02cc0,0,0
2012-07-03T14:53:16+02:00,56fb1a0aa2c49c0924ee8356b4b04864f2fc09e8,0,0
2012-07-04T11:49:55+03:00,79bf1d54d698b0e5c636aea2fc0280714a28c3bf,0,0
2012-07-09T12:41:04+02:00,8c98033b185bd65de7b2348ef430a065e34b4e7f,0,0
2012-07-11T17:40:34+03:00,69e3a258b9c9b324e08ff5d1c6009bab2813c9a4,0,0
2012-07-13T14:53:42+02:00,3216d082d1c992359cbc71f5078cbf03cd0e2b7e,0,0
2012-07-19T08:09:10-07:00,f153ddf4d6d1ef4156dc62f184c9a8da64343250,0,0
2012-07-19T16:37:19+03:00,f9a4f1f7bca2d33a13e6ffdd5ca1453fa73a5fa4,0,0
2012-07-23T07:43:13-07:00,a621820685a68d51d822aed14786936fa7ce5cf6,0,0
2012-07-23T09:27:20+02:00,764611455d1ef91e529ff37c83d3405709bb0fd7,0,0
2012-07-24T17:16:37+03:00,177244775c5ac9f6e455fe8f736f85f2109d9bfb,0,0
2012-07-24T17:38:29+02:00,0f4e19ff79912b8fe98a5c9836c4e276e3ff19d3,0,0
2012-07-24T17:38:45+02:00,e1ea7ed088c597c12b994b868e58ac4c2d603d9c,0,0
2012-07-25T13:07:51+02:00,5c574c519c1291734fde13bd0d1f9578919df4c1,0,0
2012-07-25T13:40:53+02:00,291c4db43b1fe0cedb627fba15ca03cf506234d6,0,0
2012-07-25T13:44:40+02:00,df4bf33252b496978afa125a6a4c525702085f8c,0,0
2012-07-25T13:48:30+02:00,8627b033292f855fa3b5c59ad0687eeb95636955,0,0
2012-07-30T07:18:37+02:00,14f4224b3b6a6a63cab7e1cd6099d6f9a4a12202,0,0
2012-07-30T13:43:15+02:00,21e41175362cae9b8df32f605a11b7ca8279515a,0,0
2012-07-30T13:44:31+02:00,42a8de9d5fc5381bf3f0ef37d555175357781d44,0,0
2012-07-30T16:15:05+02:00,24dbda0a93a4f01720ac452d43b6057828bc8633,0,0
2012-07-30T16:16:48+02:00,96117496c3f6ff47d675e571d024f6b3368ccafb,0,0
2012-07-31T13:26:45+03:00,3f372ae368e5b3ff6ed9036c0c218cfea996514f,0,0
2012-07-31T15:04:49+02:00,05090c5f2ee6c4c3d021bdb856d780e4a3ae7785,0,0
2012-08-01T07:04:52+02:00,8524c5d79f85cbc5f4548813e6146e2aa3527da6,0,0
2012-08-01T10:28:40+02:00,0e8a6cbcf55d3ca78bb77495e38dfbeacad8f20a,0,0
2012-08-02T09:25:44+02:00,0a2d9b1393843770a5092de4484d5e631eece71d,0,0
2012-08-02T10:55:56+02:00,1b7b385cb8907c7b57ecf3187075d03973e834b0,0,0
2012-08-02T11:01:39+02:00,457f7302482971b08cb4a73d185374c6fe59c43b,0,0
2012-08-02T14:04:36+02:00,91876efe4c3da198dc5da8277f9ed769f47a443b,0,0
2012-08-02T15:25:01+03:00,9a670fb30aae8a4be65bb063d381d76bb5aaa9ec,0,0
2012-08-08T13:52:06+02:00,097e49009b23d24092dfa358a51fd7ddc103c558,0,0
2012-08-13T13:01:22+02:00,9f51a5c2d146e04bc687d4b4912f1bc488128117,0,0
2012-08-13T18:15:24+03:00,4cb5a476a4bc7561d8236e26a90b523ad1532768,0,0
2012-08-14T13:42:49+02:00,72576f5ce834a636526a4f3f38b807579a65e93e,0,0
2012-08-15T14:04:44+02:00,51c04b049f0e51d345693b70d4a49659ae751efa,0,0
2012-08-15T14:28:05+02:00,3fa55515cbb817b21c48b4430fd7e99464c728c7,0,0
2012-08-15T14:28:31+02:00,7be36544a60c1894d2773f25bf0de27dcdaf7ab9,0,0
2012-08-15T14:47:28+02:00,45c3a4224042204a9ec0e17039ed079fd724c465,0,0
2012-08-15T18:09:25+03:00,5bd32810885e589a47d394d0900a7659938dae1f,0,0
2012-08-16T09:15:17+02:00,3f247d4f1f4c610e0d6d3cf9794867d2c370a30c,0,0
2012-08-16T12:26:12+02:00,42ba58f4f8b608ca0010d6d83058bce6b8b520c8,0,0
2012-08-16T13:10:46+02:00,fc447b1b873a734b5fe7acbdfe4c95497178087a,0,0
2012-08-16T14:21:15+02:00,6430ba31759c77c020a48964f9718d8e195a115a,0,0
2012-08-16T15:09:57+02:00,b7dd836ad01c3fa315fe95f48496d874b4337939,0,0
2012-08-17T13:32:56+02:00,1122352e81010a96fcabe13c6c4e8dc18f4c3b58,0,0
2012-08-20T13:13:24+02:00,082a2d69d135b1bd343039c66758251a589981be,0,0
2012-08-20T20:14:03+02:00,934ddf58e49943d7f37ce2176b518db52168580b,0,0
2012-08-21T18:19:54+03:00,c23cccc41d69c94db89048257125e6cd58a8d71c,0,0
2012-08-21T19:18:40+02:00,bf5f3e3680ae5220a2fdd487e0ac4f32dcf42859,0,0
2012-08-22T03:28:09-07:00,bc08923c640e0ead73abb625889ae83e28f1556b,0,0
2012-08-22T07:50:27+02:00,03f4f88fe8fd464b4657c898bb3e291fee2611a3,0,0
2012-08-22T10:37:37+02:00,511c74a7ce8c62c992e7799423b143e86861bec3,0,0
2012-08-22T10:38:25+02:00,8d060bf1a211de063ab0b83e59f02c0bb6373292,0,0
2012-08-22T15:13:13+02:00,c0d9063f3b028a4810676d24fed974853e45370f,0,0
2012-08-23T04:26:34-07:00,f86f9a318e8d72d020a065c36a707555eed81afa,0,0
2012-08-24T09:19:17+03:00,eaf6771a4016baf3f5bfee6f7bf983cb80339051,0,0
2012-08-24T14:24:31+02:00,a898845a5afa32d00f7c5a717869fb3a50e562da,0,0
2012-08-24T15:04:09+03:00,444307592dbbe0b03659ca35facda5bf9360ddf3,0,0
2012-08-24T17:07:41+02:00,d5ba7aec6bf7df78cff316ed9215a5412cd6f15e,0,0
2012-08-24T19:26:28+02:00,7c856dcd3e3cf384e141a58b14d6f3cb6058a0d0,0,0
2012-08-27T01:45:06-07:00,5863cefcbf996d8bda0b43320be04ff2b032b2c5,0,0
2012-08-28T14:51:24+02:00,f0a45113662632db0efabbf42ee85fdb936a54bc,0,0
2012-08-29T08:27:10+02:00,b19d110de6ad2fa68bd407d7bab776af91f33aa1,0,0
2012-08-29T08:57:42+02:00,64b8e4aa48c2805ae1a007b1098e4ed1b7e89993,0,0
2012-08-29T09:26:21+02:00,aaf931ff9e27fe0bccb6015fa78118796a26090f,0,0
2012-08-29T14:11:07+03:00,e4bf5498b261611c58580d7324ce5df9dd1400ed,0,0
2012-08-31T05:48:31-07:00,c61106368c54fe9fd23a127feb24e577de161167,0,0
2012-08-31T13:57:52+03:00,805c7ad99f5dc738a1e18b47f2e142502dcb37e0,0,0
2012-08-31T14:25:49+02:00,b39820ff29b833d9bdb4c3641012d59e7fbacc46,0,0
2012-08-31T14:55:49+02:00,837d17b94beb6b8d6c325395e6baf8686ce706ee,0,0
2012-08-31T14:56:53+02:00,b65aa352485adcd0253a7c318ca028e43a91dce1,0,0
2012-08-31T15:50:11+03:00,3568b3b2706c904297b8edb32f1ba32fb6980da0,0,0
2012-08-31T15:50:12+03:00,e7a397e3ecc47aa4231160f741506da1ef28ddc8,0,0
2012-08-31T16:01:50+03:00,fdd032a5a861ecba5c3bb10b79d914cb15d71f25,0,0
2012-08-31T16:34:18+02:00,62accc96921f2bf906621d2869207b7d1692304a,0,0
2012-08-31T16:41:02+03:00,0d06c5b9efeb11c7e7ac69fbfde79e6f5f22505f,0,0
2012-08-31T18:23:54+02:00,f7264b2e34f4159b3328165bb5e48423ab1b8920,0,0
2012-09-02T20:58:04+02:00,76bb7462f3c33507c39d5e94f4e350c789ff0a3d,0,0
2012-09-02T21:48:34+02:00,1b34c1e1579bdc8d0dcd840c6e47687df844e6fa,0,0
2012-09-03T07:40:50+02:00,97fac9e6071a1df4a9884d133828ac9e1aca7374,0,0
2012-09-03T09:23:21+02:00,d974191852c8d4796d34823a6f922efe87241d0d,0,0
2012-09-03T14:53:45+02:00,b8cded4c431243fcc1da5d6f42b3be1d2401a998,0,0
2012-09-04T16:13:38+02:00,edeab74625dd554b7909548ddc3e3609d3388779,0,0
2012-09-05T15:06:52+02:00,e8bcc890d073504e0797607cced77820ea139508,0,0
2012-09-05T20:21:00+02:00,09d612efacacb2109e7dd6fb7a44f61365b8631a,0,0
2012-09-06T14:44:52+02:00,9ab31f62229e601af070fc90bc2fb2eb77ecf158,0,0
2012-09-06T21:48:15+02:00,9e743087f6c81e5b5512a4c7a0f700b533e05e02,0,0
2012-09-07T07:11:44+02:00,e4c0c4685bb8aae9147650ed7ba15949841a8354,0,0
2012-09-07T07:14:40+02:00,254fff66ffc16ebed7e82bd1f4af602840879c39,0,0
2012-09-07T07:32:13+02:00,37812f35df4d9a3795f661496a96e634d8268eda,0,0
2012-09-07T07:33:20+02:00,811a95e8dc6c9e777e8e22fafd3068eb297be77e,0,0
2012-09-07T09:39:34+02:00,f5838f2f878798ddcbb327676b5135ca2eb7d1c7,0,0
2012-09-07T09:41:55+02:00,c271b90417b2b3a68f0a652aaf758d6f4c6bfe9e,0,0
2012-09-07T10:28:42+02:00,9026660487abfca6dc5c4dd89d9a9a6f39d3a150,0,0
2012-09-07T11:39:53+02:00,7e6d0d7cd96d56e73138f48bd2b53c59060eb035,0,0
2012-09-07T11:40:37+02:00,8b783c2ad781567723356d6432ce943d6f55ac55,0,0
2012-09-07T11:46:09+02:00,bd97f2ccb0d8dde384d7705e18aae1ff2826a278,0,0
2012-09-07T11:46:52+02:00,977a11dbc29d40b4f2746272d571355530779d6b,0,0
2012-09-07T13:11:20+02:00,fba1d630276cfda617dd349d21c18edb8cb67dd9,0,0
2012-09-07T14:21:12+02:00,eb74fba67b140dffaa90ec63954b1589b241ecb6,0,0
2012-09-07T16:52:55+02:00,fa1740c8e219f4ef2994bdf906a2d5a9e7f6fab5,0,0
2012-09-08T20:00:59+02:00,720e21666f260b13fafd37dd55c575a17a1694fb,0,0
2012-09-08T20:43:24+02:00,16f1a29f180beebd27dfb119c62e7212add047d4,0,0
2012-09-09T13:16:05+02:00,469d1d2729cd1713f1c20909045c8110784ad7bc,0,0
2012-09-09T14:02:49+02:00,cd611d1b993600e7a79d5b968d1d9704d0c2c446,0,0
2012-09-09T14:20:54+02:00,5717bbd729a922ba067315441a94b6d0ce970401,0,0
2012-09-09T14:24:32+02:00,4287bce90928aeef601cbace11d1431e698f6f45,0,0
2012-09-09T14:28:57+02:00,cd162c3f6d5cd2567e82875c6aa2c23a7c272ca7,0,0
2012-09-09T14:55:29+02:00,f8acd7d3a4795fa1e6015897b0fa9ba89aff5146,0,0
2012-09-10T05:14:11-07:00,b3931683f3bad2064a2018284cd1ec07ed988d35,0,0
2012-09-10T12:27:35+02:00,6cc56d1677d49e920e9bd9368289b14cbb754701,0,0
2012-09-10T15:00:17+02:00,91ce597f8c9d867ebe8472b1255e65cb4c068e1a,0,0
2012-09-10T15:48:50+02:00,d0d4c2682864794cba6a4ba43cc4671c3136327f,0,0
2012-09-10T17:46:44+02:00,5ef19bd95d45921a6f9ef3fb3c7e088dd5bffc7f,0,0
2012-09-12T22:15:10-07:00,d7ff82fbe34a4e9bad97a387b5bae2b0e5c806a2,0,0
2012-09-14T15:14:32+02:00,273fcdb6a73cf221a7a1d00aa33a3ed780947db5,0,0
2012-09-17T14:04:16+02:00,c1cc9e56126027e57ec2157434bccbb0b3cc3870,0,0
2012-09-18T08:47:51+02:00,dfec1d00762a468076907fbb20806d07e1537a46,0,0
2012-09-19T13:18:54+02:00,d630e0b8d03e606d4ca6f135c385dc492af2d5f6,0,0
2012-09-20T11:52:59+02:00,719861b6382c436cf572b0e6e84b8e51ef4de5de,0,0
2012-09-24T06:52:46-07:00,4ea793c73ecebdc136cf741010acb0dbf403ff69,0,0
2012-09-24T09:45:29+02:00,5c38eb1e59ccdb3763f4cfdc0946a84e2a59c3de,0,0
2012-09-24T09:47:11+02:00,fdeddf6b8370392d2433347565cfc101b4b9dfb5,0,0
2012-09-24T09:48:32+02:00,f88af6565d515614f8383ea8d1e31e65b152e1b8,0,0
2012-09-24T14:51:14+02:00,d0c9629639049b6fded839236b2dd5017b79d7b2,0,0
2012-09-24T14:54:58+02:00,486ea1cc447f8a4a8bb35de4caca9b689758d8c3,0,0
2012-09-24T16:12:56+03:00,af1523f845f08870bcadd8a6dfd36395502a16dd,0,0
2012-09-24T16:50:49+03:00,3662f5d3515fb6a3fa42f7fb3586bb379c3a3cd6,0,0
2012-09-24T21:20:19+02:00,7c6bc9fb7c992c0426eac960ea5c32cc420b046c,0,0
2012-09-25T12:43:28+02:00,a8c35650650fb59e9c98b767ec6380324a743614,0,0
2012-09-26T08:34:15+02:00,23012efa64ecce6fdeddab9321213eeae7b85e32,0,0
2012-09-27T16:57:12+02:00,875057ef745eb5c7fb82f8c4c33069b0fb023a67,0,0
2012-10-01T20:10:46+02:00,ce28507a5278dfa08d5303958e911f7bf291bd79,0,0
2012-10-04T10:57:29+02:00,424ffde02c37742a5a532fa3ef67a3fa1328fab1,0,0
2012-10-08T16:04:40+03:00,2f9d459c48f8840228868f22a695275f2ede81b0,0,0
2012-10-16T16:13:13+02:00,5d5770253d326274a8f72b531d58c5f6755e4dda,0,0
2012-10-17T16:09:44+03:00,53f99b5b32ecb944fd61bd02276591cd19224c81,0,0
2012-10-24T15:16:08+02:00,40c320ad076d96e6f9caa75f40b30d16da185f84,0,0
2012-10-29T14:18:38+01:00,bdcf5d84977b676ee9fa0548c2ea8189b8644845,0,0
2012-10-30T18:25:33+01:00,8871538d87218b7f1f9cfe18bb753af26bfd81d6,0,0
2012-10-30T21:10:38+01:00,785ed01324b703be42471ee734fbe0fb80ac92ce,0,0
2012-10-31T06:39:01+01:00,498e8e69d8f89a90aa6d4b9fb6485c8276ade4e0,0,0
2012-10-31T07:55:03+01:00,953d554bed1f3748a2509d78cf059f535798e56f,0,0
2012-10-31T07:59:39+01:00,a4b829d8530fcc79af5db0fa5249842b2d8bc2dc,0,0
2012-10-31T08:44:27+01:00,2a58cc7d524d5ba108555e6244607b07eed44f08,0,0
2012-10-31T15:01:28+01:00,e99b92951a8c0f2c1cf4f6811223c344dd528307,0,0
2012-11-02T05:16:26-07:00,26c8783f8f344c77b6acec0d9256d4d5149a37f5,0,0
2012-11-05T21:25:46+01:00,6bb5114e7c93cf31c9faaf9ae389c8d29f7fd65c,0,0
2012-11-07T11:24:08-08:00,43b31833d5500395a1e1c3b12f04c9ef25e4372b,0,0
2012-11-12T15:18:28+03:00,dd1961a30c2b524a082d2cf38c1b027208e4fb84,0,0
2012-11-15T11:09:22+03:00,baaca13b06700bdf64ad5dce6c9b4786577cd1cc,0,0
2012-11-15T12:09:41+01:00,4c31679571d098927726b7a6bd967c2574c9c444,0,0
2012-11-15T16:26:42+01:00,a430615f56b1b96202495960649a39fee29be867,0,0
2012-11-16T11:39:04+01:00,2a75512053cabd0ca6d7e63118744507c5d41d87,0,0
2012-11-16T22:05:11+01:00,9878f5c8bc0bdf4ba2b4d2e6916786d8ad7a47d2,0,0
2012-11-19T09:50:56+01:00,26f735e6b10b1beec18d9bd9beba31494d130153,0,0
2012-11-19T11:07:36+03:00,0b8c9a2ea8a5de472d08da860a9fa132bce43a04,0,0
2012-11-19T11:28:31+03:00,be90e3443b6f6a4efc5a26153e075d480baf356e,0,0
2012-11-19T13:54:15+01:00,9ac76ff218e0df7c9790a7d4c2ff18b1174e8cb5,0,0
2012-11-19T14:06:03+03:00,ac8298ca3034a6ff9f06b1ec1bff6741e3395d29,0,0
2012-11-23T12:18:12+03:00,219d4f1555bdc44f0b17687cb341c623c171d59f,0,0
2012-11-23T13:02:01+01:00,41c41d525aaeb61ad8cac39129b1ccee384cbe3d,0,0
2012-11-26T13:53:27+03:00,8331c8b9a9da0e134b842b6cefe5894318dd9e53,0,0
2012-11-26T19:45:39+01:00,3fb735109142c80adf6e37ddbe6874f9e05438fd,0,0
2012-11-27T06:17:53-08:00,957cf9f965ddba8067324e367ca77c85d3bdfbda,0,0
2012-11-29T09:01:30+01:00,66cd9460d1139c8bc00d6554290b1b69e096ba2c,0,0
2012-12-03T17:19:26+03:00,7b985004be8f0cf0d1953f53c518767fbe313718,0,0
2012-12-04T17:19:24+01:00,3dc3df55861f6fbebf6b7e3e3d6ca5e77ff55464,0,0
2012-12-04T23:26:37-08:00,0c380015272da9ae40cce5374dbbc4e46e4c8fc7,0,0
2012-12-05T15:14:39+01:00,9a44a97dec893d2378c3570fafa0b70e93b1fbb3,0,0
2012-12-12T15:26:47+03:00,029a2e7fd6aa1f00edcab4ba47b7ab15fb5d6af3,0,0
2013-01-03T01:03:07-08:00,be760ccf42d690ad12ce278007c4202198cce4a6,0,0
2013-01-03T10:51:41+03:00,9b002b50fe101f24f9f36b261229af552e2003b8,0,0
2013-01-03T11:41:26+03:00,da4b1b1d4fdf2760db9d43739f571fb2522bbde1,0,0
2013-01-03T12:38:29+01:00,6e144f9e81b350eff6e1cb0eed96c7eaeefd2561,0,0
2013-01-04T00:18:31-08:00,538257f640ce1a293549c42705ae5a3c35f69d9b,0,0
2013-01-08T11:49:25+01:00,d9463741646bed920eb3d9c88f85ef79c4696f2b,0,0
2013-01-10T08:37:53+01:00,a814c3a581643f8e60d9b98949863e11634da3ee,0,0
2013-01-10T10:18:58+01:00,2255eb28fbaf65f05ae2abf967db37dd63715556,0,0
2013-01-10T12:26:58+01:00,d7532423ddcf5f72db4486ee7f3032178ca7989c,0,0
2013-01-10T15:21:17+01:00,0781d718fcffc7bef7f2224da2ea5f07ee8dfb2a,0,0
2013-01-10T20:12:59+01:00,378f190650be10871d703a8a74991ec65a4ef7be,0,0
2013-01-10T23:09:45+01:00,120dee38aef98a5cd6cd6b7e905def7d6dbc5e2b,0,0
2013-01-11T10:29:54+01:00,ef7a4c2c84672c6aa00ddc680b4b148501e266be,0,0
2013-01-11T15:40:35+03:00,edae5aa3cc723eb1d5da294c004f0bc6f301e309,0,0
2013-01-11T17:26:01+01:00,2284fd9f7e9573894055eb2c367b6bb09380bd98,0,0
2013-01-14T16:57:35+01:00,520485e038ec8376430cdb28ec165fc15228fd8e,0,0
2013-01-17T15:06:26+01:00,3b506994a5720a705889a01b903d70287786b711,0,0
2013-01-17T15:17:47+01:00,7c701f687f37497aa7f0c99d7c4912afabc0deea,0,0
2013-01-17T15:34:38+01:00,bad906faa9aa7d0d63906e5e8b88d3c3b79a5a85,0,0
2013-01-17T15:40:53+01:00,b9c478bb8baa2fe6cf5fb23cd012dea0cfc222a0,0,0
2013-01-17T15:54:44+01:00,2d29e5444ba9c88d8816437125b0dd451f048288,0,0
2013-01-21T00:40:30-08:00,82d961483306fb0e9c7df1ceaa920f976f561d43,0,0
2013-01-21T09:12:43+01:00,1d425e8fa7c5e509836c42183df37881fa5f47f1,0,0
2013-01-21T09:29:05+01:00,1a5d5b3614d477c1aaf9cc8fe9e92db16183ee5e,0,0
2013-01-21T10:29:14+01:00,38ba37290e6928044458df963eb6c1a2aee12dbc,0,0
2013-01-21T12:20:56+01:00,6de20ba1ba1f7c7ae9638153efec352ef86322cd,0,0
2013-01-21T21:46:24+01:00,18af5a4e0698565bd4c762cfb029750619a71fde,0,0
2013-01-22T19:01:11+01:00,ef5c700afc826b2608ee2601742e20c43ed2bdd7,0,0
2013-01-24T14:23:50+01:00,f19b2057ca8d3f75d492385c0abf9fe0ec07f2e3,0,0
2013-01-28T11:32:43+01:00,c18d8c5313a8d26cc09544f1e3f69b58c7539057,0,0
2013-01-29T10:38:27+01:00,bc32fbbbffb932f9084f97c7a2fcba472a3d451f,0,0
2013-01-29T11:50:41+01:00,0733a537f6436cb899a66bd820445c80290bd317,0,0
2013-01-29T11:50:53+01:00,a8ec52200a91832e13744f925c395a0423f5901f,0,0
2013-01-29T11:52:59+01:00,fe9f6752af97ed8e99ec11401820e9ebebae4f0f,0,0
2013-01-29T17:42:30+03:00,7b439c64da0622462e30d8a1183f4a7525007768,0,0
2013-01-29T19:14:09+01:00,9a098c699d7ca095d1c8395925ea0395878617eb,0,0
2013-01-29T19:32:30+01:00,3d9e69accc7a50ffe5e739bbe365b5f3e2af9006,0,0
2013-01-30T15:19:09+01:00,f417f809894993928d55fc1bf22da2dbde8ff0e5,0,0
2013-01-31T12:34:56+01:00,510dee181132e4f8374e346afe899e1a09bf67ea,0,0
2013-02-01T11:53:48+01:00,b52b9acf782e2ec61a3a9f751dc96749ed868ccf,0,0
2013-02-04T13:19:40+01:00,69344462385fe5b01d0295b6b9f28ec8568aea96,0,0
2013-02-05T10:07:34+01:00,736f888236b7ac49a216398a94466c545fa9ad27,0,0
2013-02-05T11:35:10+01:00,6de214b80d155b2805f17aad23480e097dde8ced,0,0
2013-02-05T11:45:35+01:00,aec9fd990f2cae6375f668e12e90df6b6254eb9f,0,0
2013-02-05T13:43:20+01:00,fee8ff8a9ddd2aa0bd8ec879316f35c39fe79a55,0,0
2013-02-05T16:20:13+03:00,5e54dbb1627399926152e1a038cecb800090b845,0,0
2013-02-06T11:57:59+01:00,d99dae1770ecc33bb91dec7ba7aaef2ecea33b91,0,0
2013-02-11T14:12:17+03:00,3aad37db853e13f2939abe6f173fc464efa14485,0,0
2013-02-11T16:31:19+01:00,4568f89726e17c72fe83774def675727c9b56653,0,0
2013-02-12T14:08:01+01:00,52d094436d1ff8cb3031924e2b2cf39b993d2e4c,0,0
2013-02-13T12:45:35+01:00,7b36e3e4101e39a03e71cfea90a5593f22efd185,0,0
2013-02-17T23:41:07-08:00,d90e0befbb8eee2633570cda3bfbe7bf65c747bb,0,0
2013-02-18T15:12:46+01:00,a36b692ac65006a572c6e11176c541f4e9e1b4a6,0,0
2013-02-18T23:51:20-08:00,f30f63cbe1f75a56a41c197530b86db58869592d,0,0
2013-02-19T04:20:26-08:00,7286f8376247d2b7286dca6ca46c0ac8a7e9dce3,0,0
2013-02-19T14:53:08+03:00,4c8ef3f5429c8ad9669273048fe274caa91a0a85,0,0
2013-02-19T17:37:25+03:00,7b64497f9db977dc4f78b07eb4d7b00f2c2d323e,0,0
2013-02-20T03:57:04-08:00,6c608e6b682bd1dd0d1317fa2641533455483998,0,0
2013-02-20T08:24:59+01:00,a89054049479b7633c2b10ce05d58bb751f5ec27,0,0
2013-02-20T08:33:22+01:00,eddb8c4e3af566862eb2613ce42983bd0ea0897d,0,0
2013-02-20T08:42:28+01:00,e7c283e2247e027322e12e1f9874a3a20c56c095,0,0
2013-02-20T10:08:28+01:00,822a187009e94a97caeacc44648839641978de7a,0,0
2013-02-20T10:23:04+01:00,a4b755df89f049056c884eca7a1fd0bcf4cb4c6f,0,0
2013-02-20T12:42:52+01:00,f3d516d9ee6318b40dd10cbc2d533cd6abcf1260,0,0
2013-02-20T12:45:24+01:00,e531db939725722358235a0edbb424b004c674ff,0,0
2013-02-20T13:05:48+01:00,5e4b5da7cb330f9d4d778e4ae5d4c21805bbfd7e,0,0
2013-02-20T13:09:03+01:00,702c6d22ae70a575b7c8753547522593334a3365,0,0
2013-02-20T15:37:41+01:00,6b6351a45d20008d56a5b899b4df52a2d63469f5,0,0
2013-02-20T15:47:57+03:00,b5f8ae414c13b3b4336e8b4c526dcb926ae498d7,0,0
2013-02-21T09:31:49+01:00,8e171ea1e9f0fbabb38954b0415c937a12205931,0,0
2013-02-22T14:50:09+03:00,befa9a4b0a10f4e0f05dc678c6659b02cbf7f4fb,0,0
2013-02-25T15:33:31+01:00,902103bd2233694010523415d1567ca4505cdb58,0,0
2013-02-26T08:45:57+01:00,53971d4021fffc2f55292fb111a49bd295e2d8e4,0,0
2013-02-26T10:39:28+01:00,ebe8d743725381aa39828a95a26d784a31552ad6,0,0
2013-02-28T19:15:33+03:00,61a1ac4152205cad2453e962297750d9a4238deb,0,0
2013-03-06T12:44:23+01:00,2f905662ad8c7e9f40d0245c40afac1fa4f7b254,0,0
2013-03-07T12:01:46+01:00,0c63bb922b0fae6327c33ca81f692749464669f1,0,0
2013-03-07T20:05:09+01:00,9a4c18769e2fe1f872613a989f167536188d4abe,0,0
2013-03-12T12:34:25+01:00,0c9c2865e22fa3f5cf95eeb30a7f0e7aca8cade4,0,0
2013-03-13T21:06:56+01:00,9b0fb541211f25449850f52cf301568b2d2b9247,0,0
2013-03-15T16:36:14+01:00,7d365755c186edb92e3ef563327154c259be02aa,0,0
2013-03-18T07:54:34-07:00,ecefdd9fff22abaf20f6d3b02d3d38c7026bd6c1,0,0
2013-03-19T15:20:18+01:00,48e8e7c4cfc1c580562981a6be9755b667660d94,0,0
2013-03-19T15:20:31+01:00,6bbbe845c6fe5921d2d2c68a306368fa46abb031,0,0
2013-03-19T17:01:51+01:00,6d2b0d9161362c4941888bdc139e464257545a98,0,0
2013-03-19T17:09:18+01:00,20b25e454a957c5a57a59997e64026fab8cd91a0,0,0
2013-03-20T08:51:43+01:00,9434d1b81ad7d3a2ab9b54653dfba46c107ad2a5,0,0
2013-03-20T16:50:34+01:00,941598ca916ac2e7763eec589d79afede4a67c03,0,0
2013-03-21T05:13:04-07:00,73bef44c79264b6bf139ce6c50c581b8dbe29f04,0,0
2013-03-21T12:36:54+01:00,b3f8bca1108b50d8471dcc5538ca4ac4aaa2ba17,0,0
2013-03-21T12:49:29+01:00,8b0c1723ef5d38cf4e2e7a5a1c12fc52d2f13d6a,0,0
2013-03-21T13:00:18+01:00,3a25f071238e32c90bfea579b0b30cabfa8aa1cd,0,0
2013-03-21T15:21:08+01:00,24f474c15e2ed73a4ccf137fc6934a12f0f8bb79,0,0
2013-03-22T23:04:30+01:00,edf73669a328dace348118143f8d90f16e986a7c,0,0
2013-04-03T14:08:21+03:00,b5ddad62b6b025b0f9c21738265e5585d44c5e06,0,0
2013-04-08T02:02:17-07:00,ba95d4fa5a9a4989f8ecee6f65942a3424609c82,0,0
2013-04-16T12:38:24+02:00,304612a650fc749aabdf42e3b3400fe653b5b6bc,0,0
2013-05-14T12:03:49+02:00,1c5147b8c854df4d1a60b6764d042ff6aae380dd,0,0
2013-05-15T15:18:57+02:00,eba512e362feb493e7bfa195008411a6133e292e,0,0
2013-05-15T16:09:09+02:00,d998b409407c38f4317ef3ff9e5b15fee94ff352,0,0
2013-05-16T08:40:14+02:00,f4920da4ecb9a0429c03327ed6bbfc215031188f,0,0
2013-05-16T23:29:20+02:00,3ee0b23acfebb5d655bafcaf0139ef3190ac672b,0,0
2013-05-21T15:31:07+02:00,d6abed27e44786825d89c9e3aff7396517faf4f8,0,0
2013-05-21T16:07:06+02:00,229dd058fc89ca6bded448cb6067c6afc8e64aca,0,0
2013-05-21T16:10:14+02:00,82485180907889e3a0e64fb4de57d9e5f94a8c85,0,0
2013-05-21T16:53:19+03:00,486e6eec436f398aef6cf84bf89f9f0d64afc6ed,0,0
2013-05-22T07:14:20+02:00,ca8568633e3423a122d85c1765803f4d8abeb975,0,0
2013-05-23T09:24:42+02:00,bb3fb0229754b37086dd5291c9563ecebb0cfe2b,0,0
2013-05-24T06:01:41-07:00,dc94e59a333fc591bfa9b0c3a823c58b1048bfad,0,0
2013-05-24T06:13:53-07:00,79562f6e8710283814331b3f7817bbb1836daedf,0,0
2013-05-24T18:10:34+03:00,7daf5107f32a84df5385f78ae2f0cd249f1ddfdc,0,0
2013-05-27T09:14:27+02:00,6cb7bf171b043865eba6a2f618e8faf82f9b6383,0,0
2013-05-27T13:46:58+02:00,91f6233a56a72b93927c2d861b5b58a025264a8a,0,0
2013-06-02T22:41:24+02:00,731e372655e92a9b143830e01b7b946483880b7f,0,0
2013-06-10T10:06:43+02:00,cb8f3b5d5bb3cbf6589c904a49bf7a2f47d2983a,0,0
2013-06-14T08:02:49+02:00,28cbe1709d4e21ca6b34d23c0cf9b75c229efeda,0,0
2013-06-17T13:22:33+02:00,1c5047a58c3dd52ebbd6b3571b11d9667b769582,0,0
2013-06-18T08:49:09+02:00,d20826f27289d93c8e79fdc203c67d9407fb5a2c,0,0
2013-06-18T10:59:00+02:00,261a1c65b7feaf998081a91841385718b088ce84,0,0
2013-06-18T14:21:29+02:00,2580abec74f927c46046f7e79b46874eb597e387,0,0
2013-06-18T14:24:14+02:00,64d7dd2b62d5eef9c52851a1bb0448588eb468df,0,0
2013-06-18T14:48:50+03:00,2ecf5e12d7f13fb25da70df3e1b4ad3364cae326,0,0
2013-06-18T22:00:34+02:00,f6fa003d681ae1b97bccbbb72fc5f0f1c70d0528,0,0
2013-06-19T07:42:28+02:00,b8c8d4019ae5f321be88e7832a05c95cc014d062,0,0
2013-06-19T07:43:05+02:00,f9c431bacbfd4d3bdd913031370dd413a36d1e0d,0,0
2013-06-19T14:27:26+03:00,6fa6e79fee433ac587bca09dfaaf31df07fa5648,0,0
2013-06-19T19:53:31+02:00,6f16370052d849514ba526d15358cd48c76c33f3,0,0
2013-06-20T13:06:24+02:00,2f64ad85dda704d596270bdfb2f7cf2f198f7f2c,0,0
2013-06-21T16:54:31+03:00,43f3526ae8675db4c0e2a1ef4d080f525e291d7a,0,0
2013-06-25T07:25:28+02:00,850b8f2b858105cd38da9c6a8cd2c4ed0b37651c,0,0
2013-06-27T16:32:35+03:00,4c5acb98258dea838a34b064b5961ab93f5db5f9,0,0
2013-07-01T00:54:30-07:00,661e2207eb9b35eaeb00d9dbad031d99880e127f,0,0
2013-07-03T09:05:57+02:00,29c4ab896bbb910f160b5556c0f1d9d3a7a5f032,0,0
2013-07-03T14:14:15+02:00,b16c7a6e8f8cd155da78d500f2ea29a7bcce6b8a,0,0
2013-07-03T15:29:27+02:00,14a077428f594b692da85f066bd4795e2060ce36,0,0
2013-07-04T01:30:28-07:00,fceaea673d65fe359ef0de61527d973a2d1c7305,0,0
2013-07-04T11:32:25+02:00,b58bbbd645171e2729d27d49949949deae638a92,0,0
2013-07-04T13:29:45+02:00,0e8162aa55a6f258829ffc29b7d01c2f510ed0a0,0,0
2013-07-08T14:59:25+02:00,edffc05881cef509a636497fcf3e47ce02f8544e,0,0
2013-08-01T21:31:31+02:00,8b9101d0c5615c57a86428e3aa7bc0e436f728aa,0,0
2013-08-20T02:38:32-07:00,576c7386661933562f216d24d92196e5ab86c816,0,0
2013-08-23T17:51:15+03:00,eedf1eb35e1d48f10dd153fcfea9a22b2f391965,0,0
2013-08-26T17:34:43+02:00,e7cf42b9c7d735496ce614322b4575b533cd7060,0,0
2013-08-27T15:15:42+02:00,e081e29c1538ed8c63e1479bbd904d92669e7510,0,0
2013-08-27T15:17:00+02:00,6ecdcf2ca66f8be66a084bacff0a2db9bb3c7f88,0,0
2013-08-27T15:40:54+02:00,13b509b70de84e24e1a11d1ffbd74ef0535e39b5,0,0
2013-08-27T15:57:47+02:00,ad97147b6b487f70cc2186b3dce0bb2ec42c8320,0,0
2013-08-27T16:00:51+02:00,4f84ac5f641dc8b842c0cc06d5854a455939cf80,0,0
2013-08-28T10:49:49+03:00,74728fbb811912a917811be8cd2d0ebb727aa852,0,0
2013-09-03T17:17:03+03:00,4e78557b5af6ad8d83fa359cad0bcd81f6bbcbc4,0,0
2013-09-05T11:04:14+03:00,4080ac0975062aabc9554b309b233f453b3c97de,0,0
2013-09-10T18:18:16+02:00,44b9ae4c2e35f37d1b17d0a40b70f46fb96b1088,0,0
2013-09-20T14:03:38+02:00,c6ff0338cda50c6b275fca3efae56740affc80d0,0,0
2013-10-04T15:53:55+03:00,caba1d08a4d2e164258eda38052ef10fbd801003,0,0
2013-10-06T22:22:46+02:00,35778081df239f09ce335d06d87d5515f219c906,0,0
2013-10-07T02:32:27-07:00,7a9e5143e3022d376c277ed19c4dcb4ec15cda0d,0,0
2013-10-08T11:51:15+02:00,87f794d43954ae3016953acc992aabd3ac7e80d4,0,0
2013-10-08T13:29:25+02:00,16cff29153eff22ecbba258075bf854d7868311f,0,0
2013-10-08T14:10:04+02:00,78bb03219ca88758f62760ba8d55f33df9ca70cb,0,0
2013-10-08T16:56:22+03:00,e1fabf37c3541ee374216eb8a31f9fd56f7cd90f,0,0
2013-10-09T12:29:12+02:00,9db4bcca57ab1493b5cdde8f8bd1dd96ab719add,0,0
2013-10-10T14:34:27+03:00,9406bc60d3d4742ba70c4df5524d581d8e5b3dc3,0,0
2013-10-17T07:04:31+02:00,e4fc4639357ad083cdb1c2742288a4bdcd30476d,0,0
2013-10-22T03:45:58-07:00,2f0a60fc7a9574aae591b0e55cc48dd30418cfc2,0,0
2013-10-22T11:54:23+02:00,09de4054b45ff6da5cff6035026c19fae7dc5318,0,0
2013-10-22T13:05:18+02:00,e6aeea05292865ccdb63b9ba4c0c0e65850483bf,0,0
2013-10-22T14:01:43+02:00,3f239f1d8f4e982b80363f0dc4c920a8342886cd,0,0
2013-10-22T14:32:58+02:00,c47b43339fb9e0e138806d6205b8fb80bffa4af6,0,0
2013-10-22T16:32:40+02:00,421474fe6322ff5f1769da53a0ad4279a0799903,0,0
2013-10-24T13:15:28+02:00,ac874a3cc7ed7b003234399492d6c7410aea5823,0,0
2013-10-25T14:14:55+02:00,7eb36085f8f42580f91d75093f06ef7e1877f28e,0,0
2013-10-25T17:55:58+03:00,cf319e699349a35d86bc393702126964263bd6fe,0,0
2013-10-28T11:40:47+01:00,ff64c73c29c682637ce693f40c86e5d0ab5883b3,0,0
2013-10-31T16:01:56+03:00,e26c09810d8fdb49f5ba4fbc7daf551067a08aa0,0,0
2013-11-05T13:49:00+01:00,853f51d8a5565578c10374af07fe354ad215e347,0,0
2013-11-07T22:50:22+01:00,7a8a2701f8c8792947c6c4c89c6d88ec64fdb56c,0,0
2013-11-11T12:40:32+01:00,7fa1758f412861d6fc824196d2d772f1c9198a55,0,0
2013-11-12T07:58:41+01:00,ddb100a55841e0b65d72a9e781f8a4b822bfc73f,0,0
2013-11-13T23:06:04+01:00,2183f4cc63fbd05420d4645f66fb0ea50c2dacea,0,0
2013-11-15T08:48:02+01:00,91170bf16f354199c8d83549c27fed08e2170c65,0,0
2013-11-21T07:23:02+01:00,2aa8e432acfd29acd3b882e139843282681bb9e8,0,0
2013-11-27T11:43:44+01:00,a3e3ff1762e18b4500f23986c2339da4ad634559,0,0
2013-11-28T09:56:23+01:00,6f8f2d551c8f1503c32f3c117edba9b8ef980e1c,0,0
2013-11-29T10:08:54+01:00,38ad9f100cce4d934459b7a5e107eed2f74c4ff3,0,0
2013-11-29T18:50:52+01:00,ab941321653acda7e2d6493872181306864ab803,0,0
2013-12-01T21:56:47+01:00,dc244265fb2aeee4128f8ef835c77a6a3fd41d64,0,0
2013-12-02T01:27:20-08:00,15dbf7fa4cf093d22eb818bb0b73238078ce0f0a,0,0
2013-12-03T04:27:59-08:00,d2b7042275815d365f4d872871705bab9ea82772,0,0
2013-12-07T21:43:35+01:00,a5e5f44d32662a0db04b7845cfac8429b8ea8ba5,0,0
2013-12-09T17:45:54+01:00,526c7fb791aeaf037c4d1add5351cd4d995fd736,0,0
2013-12-10T08:13:30+01:00,4747b33b7a2d0ca462b0e5a91e799e7b897244d2,0,0
2013-12-11T11:29:59+03:00,0bb88841906900533fdeb53faebdafa1a3b54c67,0,0
2013-12-12T12:36:04+01:00,86a217f9c2676af8f0e34d1adf128bbf0bfbdcd3,0,0
2013-12-17T07:08:01+01:00,019b4ecdeeeb7e1016b9809b7b7739d3c3f8bf71,0,0
2013-12-18T10:19:44+01:00,16eacb277ebaca85eea315c6c9ce55168558f074,0,0
2013-12-23T08:58:39+01:00,0b4357cedc273c0705031b374693b8bab55286d0,0,0
2013-12-27T00:30:37+01:00,38d26fc14e8876c015d051ceb48b156698031815,0,0
2014-01-03T12:56:25+01:00,a3b70eac07bd8e21fe41bee594a05b59edaf4f5e,0,0
2014-01-08T15:13:16+03:00,47273156f82cb257fa86a886b662c579ed251634,0,0
2014-01-15T11:54:10+01:00,72ba7dc36f92ac68000b38918cbd72cf1c97f81c,0,0
2014-01-17T06:23:29-08:00,c809068f3751b4d9417b39421d1cbee38654aeed,0,0
2014-01-22T08:44:36+01:00,9b509c7a57d139ef8d9259ac75b61c7f25831d19,0,0
2014-01-23T15:39:28+01:00,d3411bff8921c10aa67e32f63ff36bd4abb14bd0,0,0
2014-01-31T12:15:26+01:00,b99dd3c169019113e08b707d1d6bd0c1147d5972,0,0
2014-01-31T20:38:07+01:00,72f9636b1f04e2cd38613727d77a8282ecd18b5b,0,0
2014-02-03T10:05:14+01:00,81ed14787a632654223e79136baab1388ce02ff8,0,0
2014-02-03T10:18:49+01:00,1f516affda6ff5ba91d6590262163b310971067d,0,0
2014-02-03T10:49:35+01:00,72b7f15056842d6ad1065ae0be86ccef5a1801a9,0,0
2014-02-03T13:22:41+01:00,e494e4d65c154c54acb6d2d3af499225be2bb2cc,0,0
2014-02-03T19:32:46+01:00,34fed69b3947c30eb25fa419af61e93515347131,0,0
2014-02-06T17:40:33+03:00,41944a4765925263048b15166f42c999880fc2fc,0,0
2014-02-07T11:47:55+01:00,ae528d01fde6bdbf968bdeecc3848907aea226ea,0,0
2014-02-07T12:21:36+01:00,196923a118abd73d0a317f1a5c7048fcf5b4eba1,0,0
2014-02-07T14:08:50+01:00,e4eb016dc842a538b0ef733087273cd2ab1c44ab,0,0
2014-02-10T11:52:25+01:00,cb90e237f502340c100ffe42000721a0de7b77e0,0,0
2014-02-11T10:50:44+01:00,99a2a4cfe53dd3012f9fabf2d276ddb0466da1f5,0,0
2014-02-14T08:41:09+01:00,4690df580f858e73c887b8976dc377fba7459593,0,0
2014-02-25T12:27:05+01:00,cbf80b0e2d1af7ba74cf00396b8da3c8978f866b,0,0
2014-03-06T10:48:24+01:00,c755bc51a175be8509eda5757cab719026c4fdce,0,0
2014-03-21T12:44:26+03:00,0199170782a9878c9bfaa682ee8269a22bd1c512,0,0
2014-04-03T17:35:48+03:00,0cb0291b8fc5082384bb4628b219f637ff5fa4d3,0,0
2014-04-03T17:37:23+03:00,cba1648c8efc6c29b6cdb290e0253978e70a482d,0,0
2014-04-03T18:19:41+03:00,3c37984081067633550a5bc5a7892840ef389616,0,0
2014-04-04T10:09:08+02:00,82171182f66cda16ddaddbe466685577732cbd95,0,0
2014-04-04T13:47:30+03:00,16c6fee8bbc243d2669e055664f51e6ef24119fb,0,0
2014-04-07T14:46:01+03:00,31e3c38eb3d4e4533478801856a5d2063793d01b,0,0
2014-04-08T12:06:58+02:00,876693d05d482321ade6fc7cf85f48564cf41f7a,0,0
2014-04-09T18:19:27+03:00,619f61a5067faa5ebf4c737df40e698324f4dc25,0,0
2014-04-10T07:49:19+02:00,006c8f7b22a59a2a9888a85504fdeb91691b2308,0,0
2014-04-10T12:52:04+02:00,8d6c2e414862818ff7e879b531a30289bd267a77,0,0
2014-04-11T16:00:27+03:00,b0784ffb77417942194c9939c2c51aab2d286ab4,0,0
2014-04-15T08:33:14+02:00,0dfd3e9b83c4ddfcac35311b92d6b803dfe6138f,0,0
2014-04-19T01:02:44+02:00,7d5d9fc3b88d7cbfb46d6a1de5a7a226b513f957,0,0
2014-04-24T09:56:27+02:00,c48fed735c489d754f6b8d99e2e9619ba0228851,0,0
2014-04-30T14:03:49+02:00,edc28c75273b5c01d961fba22ae3ef9c45091225,0,0
2014-05-04T03:02:40+02:00,b582d1a2d53701c07144ae6c031aade513b6046b,0,0
2014-05-07T15:23:23+02:00,679bdbfff57d00bad7e86af8e0e7b1fc5f0dae3f,0,0
2014-05-13T15:10:16+03:00,489a986507c49c7f1eb22f1afd2d194cd4fb4983,0,0
2014-05-21T13:14:26+02:00,37a7e3d6d77c6a6c5642c9b346d4e2cd57c3f5e6,0,0
2014-05-26T15:12:31+02:00,64499c8bcb65d8d6f24949e7b83211c147e97153,0,0
2014-06-02T20:10:12+02:00,e427b09bfaf84a0d2e0e0b6d3d77e37d5e20e8fe,0,0
2014-06-10T15:22:15+02:00,e3ba9df81347c7264873e557573e868ed2affa7a,0,0
2014-06-16T10:34:47+02:00,26e37900409e437bfd0fe0436c87563cf5b102b9,0,0
2014-06-20T14:20:45+03:00,7456ecf859e1d4b30b8f47d7d894432fd08d6ec4,0,0
2014-06-26T12:56:15+02:00,ac6737c16d78f2f2fa8c56720a960956d5b1e631,0,0
2014-07-11T09:31:39+02:00,f6c003a8c05e420251d64f74bcaec7e25fdc97ab,0,0
2014-08-07T10:56:20+02:00,ddc707d64819dd5cd4191be71e67559dccabf0f1,0,0
2014-08-13T13:43:26+02:00,db53f3ac3cf08212ba93edc5c6e6ed65b4645751,0,0
2014-08-15T17:58:14+03:00,b3f46b75f549639198ffe5c58a5682b3d322a87b,0,0
2014-08-18T17:36:27+03:00,fedcd8b705a8193aa1c25cc2840c42c2be5a85da,0,0
2014-08-20T07:18:44+02:00,ca6bb60344ab995ada5c70bcad7ce880a94de92c,0,0
2014-08-20T14:12:35+03:00,bfbdd2d2b8d60e63a5835665eddd292cb70dab0d,0,0
2014-08-20T15:54:27+02:00,baefccd39c2b600ad43a20d5a546d8344d60b51e,0,0
2014-08-20T17:09:07+03:00,b67c6c8549cfafe9656b79594386fe505dac8791,0,0
2014-08-20T22:03:16+02:00,c058f14f6fae7d8e98c790a05826345604e055cd,0,0
2014-08-21T10:14:07+02:00,25c79057c263c26d7b7e1e19340ca60005543872,0,0
2014-08-21T11:39:40+02:00,745aca6b6d636d45edeaecfdcd7512f2cffee08c,0,0
2014-08-21T16:05:47+03:00,66a3e14e09dbc86124d2491168f851ea590c80cc,0,0
2014-08-28T11:31:23+03:00,1316b5bfd84de4df47cd0f29d3c61ac2482e4607,0,0
2014-09-02T06:59:31+02:00,e1da890106ca086875f4df6310628ac5a0726c78,0,0
2014-09-05T12:45:27+02:00,4f5c4eed913d714236e2972de40d3c62848cc076,0,0
2014-09-05T17:37:23+03:00,4f174a1804d97539e0a9a75a3829804fedb2aa90,0,0
2014-09-08T09:54:35+02:00,47c660fd34a45ac7f7b29245a1df3fb7a8547783,0,0
2014-09-08T10:31:46+02:00,bac34217a32fd89e707984ce6ece359fe0e711bc,0,0
2014-09-08T10:34:12+02:00,6a89b73d762e0af7b06e0a87b08746651834aba0,0,0
2014-09-08T11:42:52+02:00,b1b5cda383febaa5b4342408e8554172567acd09,0,0
2014-09-08T14:17:59+02:00,28aed01558b8c8b6e9a183e90fdd3e1406f57a67,0,0
2014-09-08T14:32:57+03:00,15b4f12fa24a272d5e945729b140803a2ddcc606,0,0
2014-09-09T11:40:13+03:00,a3e8e7bd8e92e2e8ec2a99f3a1927b1130cc79e0,0,0
2014-09-10T09:25:17+02:00,ee231ab599e5a273bf67c9698f670238190105f0,0,0
2014-09-15T10:34:06+03:00,3169d9d22da6cc989173e262080eb1d46a6d3e01,0,0
2014-09-15T15:29:20+03:00,4f925916d846a0689f385d4de8268807735d5dba,0,0
2014-09-15T18:09:05+03:00,dee54fa2b106298de40ccce9e01b99f2ce45feb1,0,0
2014-09-16T00:09:50+02:00,b87b7bf16efed94bc614c8168789ee657a9d26e9,0,0
2014-09-16T07:53:32+02:00,75ffa73af7493b13fe23d528c28d7855c2428410,0,0
2014-09-17T07:11:14+02:00,8016d30b7295992a80b215d3ec922d8e30054e98,0,0
2014-09-22T17:05:56+03:00,765c1c5d89c704f1c4fa876c1b6442182da7adbb,0,0
2014-09-25T11:55:35+02:00,f01cbdfd4bb252648c7fd1f0723969836c106443,0,0
2014-09-29T13:49:17+03:00,b173141c0975529514228a0b473f60610e761d21,0,0
2014-09-30T13:17:13+02:00,6e196f6e8995406992af8a388640457f85b31763,0,0
2014-09-30T18:21:06+03:00,21ed26428d23fb5da19b78dd5cfd4fddc4539eff,0,0
2014-10-01T08:00:13+02:00,38c43d1a416155cbef69d07a0a653a8fe1ddbfea,0,0
2014-10-01T08:44:34+02:00,84c72ca90c7180ab5ca3857063084a128504c304,0,0
2014-10-01T09:52:25+02:00,9664d28516852277927ae6939d71c47b16d1bd23,0,0
2014-10-01T10:53:15+02:00,752b261644df9df2fed28b463b3b73c322acd443,0,0
2014-10-02T10:50:42+02:00,f5cf08a5722bc8ca49ea70a82dd08a06075fb611,0,0
2014-10-02T14:28:49+02:00,f5483ea435caf30a4d008dd12a660e603796e705,0,0
2014-10-03T08:46:47+02:00,2afba02adcefdeb81042890e92afe2ea2163c40a,0,0
2014-10-03T08:46:47+02:00,c055ceac1db45dac5f9b8b6c35f92232d1184e78,0,0
2014-10-03T11:28:00+03:00,b179a4579c0b734a7e011d1ec3cb4b80e211bf86,0,0
2014-10-03T12:57:27+02:00,6746d67c989f836cdf8c109cedc3e806279e89dd,0,0
2014-10-03T15:43:41+02:00,a782e611cc42b8457c4e245c02c1a830a7026f5d,0,0
2014-10-07T16:08:29+02:00,c5a6955271d7d0f314111574dcee9fc85bd4ec63,0,0
2014-10-13T15:22:07+02:00,fe85d269222b1266f917f45eeb3b69cbe159cc0d,0,0
2014-10-15T10:21:50+02:00,441f5e6e5f35d102b970bad812cd1ebe0801dd1d,0,0
2014-10-16T13:31:46+02:00,26348877ebfed71a7745377dec83284547bca8a6,0,0
2014-10-20T17:51:04+03:00,3d3eb6190f734053de7cb4a6a68711f23c48553d,0,0
2014-10-27T13:50:27+01:00,1eb2212d098a6559417fac8162c681ca8f2aae02,0,0
2014-10-30T14:50:19+01:00,c8d13632398ce5bcbe04f9a8ae4e757a326d251a,0,0
2014-11-03T14:35:55+01:00,30f8b27bd7032e3dd638115987caad0f651fe65e,0,0
2014-11-06T10:29:44+01:00,0b1d954126786283065b7b22dec4f58cf89a83ca,0,0
2014-11-11T11:00:31+01:00,ad5af4cd2ddb3cc679b532cb11f9aa8036f0f089,0,0
2014-11-13T09:54:13+01:00,94c337acb8394335e1b82b515bd8fdd2196f7ded,0,0
2014-11-17T09:36:00+01:00,c56ac454d27c2af26dfb37f68799494f4982ddc7,0,0
2014-11-17T10:33:46+01:00,bba21ad66d4408a954ae31928417db1ea6665b16,0,0
2014-11-17T10:35:14+01:00,65ae0261d5d28ed3b87fc5d9fa9f4928552127a5,0,0
2014-11-17T11:48:28+01:00,943ccd771a85cbf28b6091c8f6d282beb068a60d,0,0
2014-11-18T07:59:47+01:00,58e6e23d47e45bc8793a772abb8089ce4f50989d,0,0
2014-11-19T12:13:44+01:00,8ce22facee89a94949e4f79cbe7cd234d0ba37d0,0,0
2014-11-21T11:50:04+01:00,64fb6c2681d971dfecf734ec929f5bd02fa1b324,0,0
2014-11-24T14:58:50+01:00,bf590ae0caa4eaec181e77d817f776d92bff4c07,0,0
2014-11-26T14:09:23+01:00,f6f589b8b014cb568d3932cd14449bb173b9e384,0,0
2014-11-28T09:29:21+01:00,40dea149458a763ca6642c8081d46c72ca1acbd2,0,0
2014-12-01T19:15:42+03:00,e9835b6a3fd474f207dea6628e6842e479a08b0a,0,0
2014-12-01T21:12:41+01:00,b763be1732e5a3e83d46c3012830d363de9a464d,0,0
2014-12-01T22:41:51+01:00,1767cedc1489b1d410ee20a67b9802fc880fa514,0,0
2014-12-02T11:34:07+01:00,73e006d4aa114999afa3cc8633b6fb88c7b8ba35,0,0
2014-12-02T21:56:28+03:00,1e0e91edf00a6de2f4d3dcd438e0322353d78261,0,0
2014-12-04T15:49:36+01:00,e4def5922d8e02c5e3d3cfcb56ec997660f22eb5,0,0
2014-12-09T09:25:58+01:00,0785a9271db6bd34e1923065ec3951a1b7be6e13,0,0
2014-12-11T13:51:37+01:00,c9b3adaf7a11c098e9a2ef796287cc4aa1fadbb5,0,0
2014-12-15T13:51:01+01:00,7588a5bf35907a9a5aba74e67e87ca2749f5c940,0,0
2014-12-15T23:46:14+01:00,17d368df0a50ac12607cac27b5562b5462eac9f4,0,0
2014-12-16T12:29:03+01:00,0bb1af57eabfe873cac1d74ead4a7cfe3a722490,0,0
2014-12-17T10:36:47+03:00,bc58b075bfb643c41f5b604ce73e5a317c34fd73,0,0
2014-12-18T14:01:55+01:00,b3c42c4d3bf29f75fa74fa3301a66550012bcb05,0,0
2014-12-21T20:52:17+01:00,3fc429352a8edecbe5094e69a1b339f6e164cded,0,0
2014-12-28T15:01:51+01:00,cc7f645933028f76abfd00706ee14aa046062a91,0,0
2014-12-30T16:12:06+03:00,cba80938ea23e438cad6bbf7db26336ad22b1d8c,0,0
2015-01-05T17:30:40+03:00,02d88b24b5807817901b80f1d083bd0b9c81ede6,0,0
2015-01-06T08:12:13+01:00,9330d60417c071029fcedc50476882b400e78f53,0,0
2015-01-06T10:49:38+01:00,653cee4d079026063e3f370541cbda1206c0c52b,0,0
2015-01-06T15:58:08+03:00,35d21e56e0b305ae590a99fd8aecc7cbea472d2c,0,0
2015-01-06T16:12:19+03:00,7102544b157257c74717bc4ae8f501d315b6a184,0,0
2015-01-06T16:20:38+01:00,cfe442e88a549292e35d178f0f3d32dafb4caf5c,0,0
2015-01-06T17:10:02+01:00,d93370c0ef3598aae3323648f6d310fe282681b9,0,0
2015-01-06T18:31:39+01:00,9a08f15649772b1a1aa9bcaeceab962236489f15,0,0
2015-01-06T18:36:34+03:00,64b855b3d21e89c34606c5715d8a3a6cb02b5229,0,0
2015-01-07T10:41:45+01:00,908318c0157dc654c70b7d74efd2124d3300319e,0,0
2015-01-07T15:25:19+01:00,13ff3568b39a9472d52dabd10c062547115b34d3,0,0
2015-01-08T12:56:32+01:00,783c2dc1373d80abfde426317e4bc62f4b82fb9f,0,0
2015-01-09T23:19:25+01:00,dc4ac252c523968b0ac64432881fd6e56d83fcd4,0,0
2015-01-10T17:08:12+01:00,5a846574041f43c89fee498dc940a0cb5e97d880,0,0
2015-01-12T00:43:12+01:00,783be8300685c7ef58c248283e6e4639b1a92535,0,0
2015-01-12T11:34:47+01:00,4b89ddf073004f3814ada771893d7f3944b1e549,0,0
2015-01-13T21:31:10+01:00,7d8581bfa6a62eacbcd609b2de8f2c01b0f360de,0,0
2015-01-20T20:34:11+01:00,afeff4d4250dcb84749e958a1fc6218b1d7abf2d,0,0
2015-01-22T21:36:50+01:00,d895ddfd3e88fb0ddf136e85a3149d51c7e0da60,0,0
2015-01-27T10:22:22+01:00,42ce320c053c90fc44998a2b2c703e7c3075eb34,0,0
2015-01-30T13:48:22+01:00,fb49c2bfb74475b99f2370d80ca29699ba78d9cf,0,0
2015-02-03T19:56:00+01:00,9014de9451c2ed18b27612aaf04beaa59bf2bdbb,0,0
2015-02-05T18:48:26+01:00,6097427f3e6b97e2709467f6581ca1b37eb94f0b,0,0
2015-02-11T14:31:53+01:00,a4c4c54b8aecece1269a1fd6db78b92f698798ac,0,0
2015-02-11T15:04:32+01:00,b92c61faeaff577eb8ac051b4ab349f423dff7e3,0,0
2015-02-11T15:28:29+01:00,3260bc55bd48b60186f1d65172e7d778b3ab523a,0,0
2015-02-11T19:45:38+01:00,85e1ff9c339443de48d5fdaff396bff83929a7b5,0,0
2015-02-12T12:59:51+01:00,ccf3cd2a7d66a2f0a0777ecde7fcf34df2aaaed2,0,0
2015-02-12T16:41:30+01:00,d73a1fb56a28e2d166f38a3804273b6c8b536ea9,0,0
2015-02-14T12:00:23+01:00,5cedd186769e2eeb9e5b42c1de1ac38eeeb55483,0,0
2015-02-14T15:00:45+01:00,f0daba22295c7aa45077f1e6d1737a23b92d5578,0,0
2015-02-14T16:07:52+01:00,b2351e31f0e77df19796dbc1f920794bc5d102ae,0,0
2015-02-14T18:55:49+01:00,3c8e7ad5f4e1e198498bc91e391a851727638495,0,0
2015-02-14T20:52:14+01:00,1a1790f81e2e037ae3e62eb3aa5d292501bec64c,0,0
2015-02-14T20:55:10+01:00,b09529481c7d444b004569356b2fbd6ae273d5f2,0,0
2015-02-14T21:07:56+01:00,8918deb58b8ddeefdcaee3ebf3b613ccc774c654,0,0
2015-02-14T21:19:32+01:00,16410c031ce162d631c3e6dc7b1798902bc3a1d5,0,0
2015-02-14T21:29:47+01:00,0652dda968c002012566fadd6a4e45c15a9d14d8,0,0
2015-02-14T21:32:12+01:00,e11b67acbef353b1425359ed487d0fa46e1672ac,0,0
2015-02-14T21:38:38+01:00,b14002522833d569ae2a47589cae1dc8d4df67b8,0,0
2015-02-14T21:52:09+01:00,146ae04a964b4bc41649e5a54f8a019a34f8e4db,0,0
2015-02-14T22:50:57+01:00,f005b9f3b7b655a6f15f555794c3d53d2731a0b1,0,0
2015-02-14T22:59:31+01:00,006ede4b3620faef428af93416d7d683cf615ad8,0,0
2015-02-14T23:35:42+01:00,bc2c9e9257b7afe96de5b5fd73e15cc0a74a73d3,0,0
2015-02-16T14:21:35+01:00,cd79decbe7419e44128e1efa89d4ca00fdef5fc8,0,0
2015-02-23T12:35:13+01:00,0985f62bce20ba6f2717d60b1f2a2fba2231d429,0,0
2015-03-22T01:36:37+01:00,6225b05808d902f27d8358a1a24a2af5c976d763,0,0
2015-03-26T10:15:02+01:00,e5ce2ad4aad48017f4d1fdae6ec8b6b641ef6d76,0,0
2015-03-27T10:38:20+01:00,f1ae58aeb283f8507ce7e0a967e345b1ce5c67e9,0,0
2015-03-27T10:44:49+01:00,e4c6dfd855859ea3fc88a785d070626598ff73bc,0,0
2015-03-27T14:26:10+03:00,54ee3cbb3cf11fef4d8a0b5860dd0c895879ce2b,0,0
2015-03-27T14:49:47+01:00,8b6a2c2cf3bd5f2058c943a669060d21d3e6f5db,0,0
2015-03-27T15:14:27+03:00,1c8aadd3687682789e43ccad1a0977f1ec96634b,0,0
2015-03-31T10:34:59+03:00,a7669bcfbac14f013b7d4ca368cc5503de30ccc1,0,0
2015-04-08T14:00:38+02:00,88ebf4baec315dfa979381deabb9ad409531a189,0,0
2015-04-24T09:53:51+02:00,ac75111b29e62e62312aa83fd580627b1b106514,0,0
2015-06-04T12:05:48+02:00,e44cb8be8a186d4a8d7a3573a1f8a6d51488f3c9,0,0
2015-08-03T16:51:24+02:00,4f91eedd00d8c97d7ba83b4b45b67d199b3a7f62,0,0
2015-08-04T16:46:57+02:00,857da116570daf586d95452aea98aaab7ec0ad79,0,0
2015-08-06T08:06:25+02:00,5db4d6dd3e2e3168121aad7eee823ac2b329e297,0,0
2015-08-06T13:27:19+02:00,8d292be6495e757464f85d4b11b57d37e2eab032,0,0
2015-08-06T14:34:20+02:00,2c80efab94dcc681dcefc6b9f621382925c27d51,0,0
2015-08-06T16:28:09+02:00,eb3a67de77e4a5cf0351ac396c9915e7f798220b,0,0
2015-08-07T11:01:24+02:00,5f03115bf55bf5cd8cf82c7269cfd2c24a76f983,0,0
2015-08-07T11:40:39+03:00,43d5068ae2491b7e4ebac60d526c0ee042a36a5b,0,0
2015-08-11T16:50:46+03:00,b07fa6ad824c5a45d85a9790bff57ac5a736c8f4,0,0
2015-08-14T15:01:22+02:00,1252cf2af5b66f757a2942dc559cac21b5d108ad,0,0
2015-08-20T12:04:06+03:00,48a97d6ac445045a8058541e5f9503298cfc93a9,0,0
2015-08-26T13:57:51+03:00,d23b6f68a854d764a09551d2177eb46dce5fa730,0,0
2015-09-07T12:21:52+02:00,fdf6523d27cd897d72a306e8e74f3ffd386d0bf9,0,0
2015-09-17T21:15:07+02:00,3a865b32ad4439eed867a041d4dc06fb3759052a,0,0
2015-09-23T12:39:37+02:00,5014a8308442a9a03ade85b75f81d02bb1881656,0,0
2015-09-25T16:08:51+03:00,7db235c31c7744bc164733ebb16948ad4856fe83,0,0
2015-09-28T15:46:32+03:00,865c21f3656191e26f56daadf92fd54575771ae5,0,0
2015-09-28T16:40:34+02:00,61e9240df5a9032c524f157eddeb614582973e93,0,0
2015-09-28T19:04:43+03:00,265f5c76f6d44e06fc492f4b020bd2811441fe2a,0,0
2015-09-29T09:02:43+02:00,6e73e9359b2dd6992d5d0e6b53b107eba35cffbd,0,0
2015-09-29T09:20:16+02:00,c17829b5c46fb974b7362f9185515d31e1be3c4c,0,0
2015-09-29T17:07:50+02:00,0ed8bede70c6302cfe7867c35f1cf18cfdbe2aaf,0,0
2015-10-02T09:35:52+02:00,f4af15cf7a7531990143731b68d4c25acecae0cd,0,0
2015-10-02T11:43:44+02:00,51bac455be9e835f7401b5ec6c1b311578c6b54e,0,0
2015-10-02T11:53:18+02:00,b7607b60b3b2793e5116077969cd9bec136d1037,0,0
2015-10-02T11:54:53+02:00,53e899e4b57213b595ef4dc9831cd9fc6028050d,0,0
2015-10-02T12:04:42+02:00,efa172514a61e4f613e3d99e5b0dd2339e245be6,0,0
2015-10-02T17:10:38+03:00,a79bfe7c7c788f15e11028adf26c691b39ebaec7,0,0
2015-10-05T17:26:02+03:00,60864d40547953ed254d86ec27dfbd84197ce657,0,0
2015-10-09T15:15:42+03:00,38e5132239fe5cc276e4ee86297a34be24e1f03b,0,0
2015-10-22T13:22:40+02:00,5d74e83849df3b2ec8ded37287c38f00989bca64,0,0
2015-10-30T13:23:16+01:00,28256e2ec0d44fc5d5199acec4be5966454e122a,0,0
2015-11-10T15:37:00+01:00,3e2b68df70f0be8f8323a7d55ecdff5c36dd70f0,0,0
2015-11-23T09:22:36+01:00,3159b4bbeb4a8b4d510f9bf1876085bb6ecf3f30,0,0
2015-11-27T14:09:36+03:00,55ee9c9d1c37172bb1429f80570132c58bd9cfcd,0,0
2015-11-30T13:45:47+01:00,3bcbff82f7f3d6e45b59f7d86e91720d23b83ffd,0,0
2015-11-30T13:51:00+01:00,e352e82dd4b1df5a6e3aa3d8ab411121ff631675,0,0
2015-11-30T14:10:18+01:00,c9b7f2266fef3fcb70b3030a1ecc94b8a3418a28,0,0
2015-11-30T15:49:15+01:00,7c38bf032e7d38cd54e6476c733ee3013615a55f,0,0
2015-12-01T07:52:32+01:00,3119a6d29df6563e7437406db2bce70c9f07c832,0,0
2015-12-01T13:48:04+01:00,1646c50ddafac4d9d146b0ba7289177d55495a08,0,0
2015-12-03T23:37:40+01:00,d0a4a8738798459c767ea20dc12b94ce38f6810f,0,0
2015-12-10T12:27:23+01:00,404a5fc192e3d1e6e7fca35ce06db65ed0d1a268,0,0
2015-12-17T10:53:15+01:00,60ae2eb17bf52e2f8464b41f11dbcdf2d7c1b15f,0,0
2016-01-11T17:56:45+03:00,c8b84c298b8c062342f8022d4652eb6b15809c26,0,0
2016-02-29T09:34:58+01:00,770a79d732b56230f39f3872fa96618c03158d41,0,0
2016-03-31T13:28:38+03:00,0a3acbac8faa36105592189222f68920d4d0e116,0,0
2016-05-04T16:19:22+03:00,3f7123e5b8ff9219e5c49070c0e85592445f1941,0,0
2016-05-11T10:53:08+02:00,1fce91f62c57fd127039bc06faa308aa81d93c67,0,0
2016-05-17T12:42:45+03:00,aa67491aa11826cdd689a14355400588702df71a,0,0
2016-05-27T14:19:07+02:00,f6b2c95b3ad46bc77fe8f082cdc344409ce9def6,0,0
2016-06-21T11:39:14+03:00,2645d35f3ef6aaba305685faa80701898c1f2079,0,0
2016-06-21T11:54:22+02:00,5bdb35f2d6a85a6dc123cb0a8839b5729e6fae30,0,0
2016-06-21T12:15:33+02:00,e363dbf4f46a0c63f0e93c7cfca67c030059e277,0,0
2016-06-21T13:05:07+02:00,5dd61fa5da63724117eef14eba40b16b8a70f2c4,0,0
2016-06-21T13:17:43+02:00,434e82f554e6eda30810f1d94d9e61a0f213ccff,0,0
2016-06-21T16:15:48+02:00,1cd290053e98b507c9918504ab0e20a452aad046,0,0
2016-06-22T08:58:24+02:00,bc5a37a16b8599f48e480310b29d3823be2ef93e,0,0
2016-06-22T14:42:38+03:00,0bf32bbb1b8f67ef96d0db3d8c4bf50f3c85e917,0,0
2016-06-24T14:39:41+03:00,f5b3a2b713ce90c4154009454e34a916a07d2bb9,0,0
2016-06-30T10:39:15+02:00,ea226813adabc183649129573eefa55522833eff,0,0
2016-07-06T16:42:56+03:00,0bfb8e9daf6c7cb0367f4f2a87c3cb4d75ce84e0,0,0
2016-08-03T13:52:09+02:00,edb5dae7edb2ac0e13c5971bffcebf64c991b0c7,0,0
2016-09-05T16:25:21+02:00,e4e178f33e8ecf2b4b74f8258f9a808564758245,0,0
2016-10-12T15:12:27+02:00,afe38fae48a38f35a8c8f66a690cfe43d7899bdd,0,0
2016-10-26T16:16:57+02:00,530885ac0fbb260397d269c5442749f2ac4620b5,0,0
2016-11-10T12:42:43+01:00,7c5b101e13fe591e74c090dacbc5e55f1ebd72de,0,0
2016-12-05T14:41:52+03:00,ca9869bb0a880e74eadaec836abe5afbc1887583,0,0
2016-12-05T20:54:08+01:00,f80db629383686803be3ef2a9a2482c1f233aaf8,0,0
2016-12-06T12:14:17+03:00,4b89ff202f8ccd7f632fa83ac1cdada7a03fd845,0,0
2016-12-06T14:23:34+01:00,2ae51d5a76d02323a342fa20cc7fc18ba0154458,0,0
2016-12-06T15:09:35+01:00,10eb04dfb66bc4572a8f961b9974dac1f1dd24f7,0,0
2016-12-06T16:01:26+01:00,222f4161bcb5807386f08f1a05e812d046a2dbfc,0,0
2016-12-06T16:15:34+01:00,27c4be365c9d23744391ce2bea7027b83a405b8a,0,0
2016-12-06T16:42:12+03:00,19f134809d4c705eba7f1a7eae8a25b2e1a668d6,0,0
2016-12-08T13:47:39+01:00,c4d36b1cba206dd1fe9fdd9928c100172a65b7a6,0,0
2016-12-13T13:27:03+03:00,b9a4453f663ea5cfe728659da8dc449c9f232d4f,0,0
2016-12-22T12:16:54+01:00,acc176223a598f1e214d795072d0e8eb2f6b97b4,0,0
2017-03-21T16:46:18+03:00,1832966e7a9461ac5a62ba865afb35e322e865e0,0,27
2017-03-30T10:44:29+02:00,ef73f9b099ec3fcb55ceb430458f1b62012cb43c,0,45
2017-04-12T09:49:45+02:00,7340859e5f5a87fabd6b699cf57da9a954abc14d,0,85
2017-05-16T17:17:09+03:00,a5325489f25188be28b8b0ec5c6d9dd842f8f167,0,109
2017-05-29T12:27:10+02:00,97e257c2f07546d44513e7b58b13e7e8f4135dc1,0,118
2017-05-31T15:46:55+02:00,aa8db9b36da093dd128d551a210ff276bf0dafb7,0,118
2017-06-06T10:35:55+02:00,f7204bdcafaa6282ff9e8a730885cf530aab175a,0,127
2017-06-08T09:55:28+02:00,f75d93ea3c3fe42837c26f0c6b24901dfaf64fa1,0,128
2017-06-08T10:34:29+02:00,1f1c7b3b940020cad09fa223f31ff1d9dcc67586,0,128
2017-06-08T10:47:51+02:00,7f475ca53056f545654b09266f90b65ba2b6161a,0,128
2017-06-08T10:48:39+02:00,dc84e364057c1c4265c40314826dfe9824f96149,0,128
2017-06-08T10:48:58+02:00,e6e971abb8551d397aa5d1b0a6814a5fee60d69c,0,128
2017-06-28T11:57:58+02:00,a6af86946a0f9f022b03a4ed55233a8871072874,0,139
2017-08-11T15:48:32+02:00,86a7e7bbac949b5b15034f9f7b67fd5a96da7966,0,226
2017-12-07T13:47:24+01:00,8e1f3b6e85a9aa455964c699aa8025266df0d952,0,309
2018-04-23T16:32:30+03:00,8f8b3433a9d0c909183f086a33c8aa686a370cf6,1,371
2018-09-14T09:39:28+02:00,af4bef2bdd3405b2b5a13d8e81c210799f4e49b0,1,447
2018-11-14T16:27:53+03:00,3ae811e32ffa76ea86740c202b6aceb7b667d84a,1,465
2018-12-18T13:13:23+03:00,28025a4d128ae7ac4593b0b2cdbbc4a0d3e9c1b2,1,474
2019-01-25T14:10:50+01:00,f52b89746b321c7f6f25ec5243650ae9908343f0,2,484
2019-04-01T16:55:45+02:00,0ebb739b3718dd1797afc59af5af311d5b5ed0ff,2,511
2019-07-31T10:47:28+02:00,6f74b73ad2267844c4209eee31efa9e2fbb380ac,2,543
2019-09-16T13:24:15+02:00,4ef7e3fb5a36ee7571d7a2577f4b73b3fd5ea392,2,556
2019-10-14T09:27:01+02:00,ecbed17752f50d8fd401cca39bf525c4e03a44d5,3,564
2019-12-10T10:02:24+01:00,06d7d2be30ff580a17f5e7c6b989274835686d61,3,575
2020-02-28T11:06:50+01:00,808c44faac8e1f348dcb95896d8f537a89156414,4,605
2020-08-26T10:39:34+02:00,a0bc39d9c8ec44d0cc7ee8af8904870fcc95aabf,12,675
2020-11-24T10:26:48+01:00,0a4c6580b23347c513a8dea1763a1d03c606225c,21,712
2021-01-26T09:07:48+01:00,ecb590848543dd33504a94d555ec7067172d7dac,23,742
2021-05-10T15:58:48+02:00,d08fb037c7866da1d83160414ed42d09c680a66a,25,756
2021-08-05T11:14:20+02:00,2562a880f818481eef87c59b4bf20c2f2e818bb1,29,790
2021-08-05T11:14:20+02:00,4298e77c7edab4281a7da1113220c2435ca57b89,29,790
2021-08-05T11:14:20+02:00,659c11e37b3fbcd2b1515b7c4239711bbb82e0f8,29,790
2021-08-05T11:14:20+02:00,bdb9d1939479da96f03bbee9819577b1a3ed3f9a,29,790
2021-08-26T16:47:15+02:00,66b5fd042522fc58fded09d549b6b12d61ee1cf9,29,796
2021-10-04T13:01:25+02:00,1266eca4bd05cefee85ed21eab2b23762d779a7d,30,803
2021-11-08T09:52:08+01:00,eea1ea20dd65b1afc982f4c0f38e3d1f39bd80a8,31,823
2022-01-17T09:03:32+01:00,f69be111ef302822f397294825694f281c81f706,42,850
