0,3fa0ef774df105af69c49b37763e9ed9026f1c5e
10553,9748aa3eae7d895895ca9b2d7297858f3d28b5e1
0,3fa0ef774df105af69c49b37763e9ed9026f1c5e
5276,a196cb1c1cb6a6e8d5b6a4b2d5948912a1eb0dc5
0,3fa0ef774df105af69c49b37763e9ed9026f1c5e
2638,b05a70c06d42a0344d1204d90d3f94d63b7b27f9
0,3fa0ef774df105af69c49b37763e9ed9026f1c5e
1319,00ccb104748e41b858ad912c812229061e2ddeea
0,3fa0ef774df105af69c49b37763e9ed9026f1c5e
659,4e778f627f96c6b66e4bdeb598177e39dddb7d82
0,3fa0ef774df105af69c49b37763e9ed9026f1c5e
329,7da28f4d6a6131f19b30d8f513efadc7be0996a8
0,3fa0ef774df105af69c49b37763e9ed9026f1c5e
164,25581bc4d034c8d9eced8a52a18aed36d9cac462
0,3fa0ef774df105af69c49b37763e9ed9026f1c5e
82,b02c015e5dc6e33b7acf44aa5ad2597ff5476188
0,3fa0ef774df105af69c49b37763e9ed9026f1c5e
41,3b55d9f0ab1415605bc5956bc133bb2aae6ad6a5
0,3fa0ef774df105af69c49b37763e9ed9026f1c5e
20,5fdb0a0c53c619f459857320bf247e4bc162cab5
0,3fa0ef774df105af69c49b37763e9ed9026f1c5e
10,24ee621748aa4f72aac5b5cf247510efdb751dff
0,3fa0ef774df105af69c49b37763e9ed9026f1c5e
5,ef875f3cf0ec9688c090f3dc9ff36e71e495aba0
2,80acea942ee4f0cf6b4356c8ab68a82ab69db01d
5,ef875f3cf0ec9688c090f3dc9ff36e71e495aba0
2,80acea942ee4f0cf6b4356c8ab68a82ab69db01d
3,2ff678f57e612c8e6edf4d715ed7a04c7d012943
3,2ff678f57e612c8e6edf4d715ed7a04c7d012943
5,ef875f3cf0ec9688c090f3dc9ff36e71e495aba0
3,2ff678f57e612c8e6edf4d715ed7a04c7d012943
4,90a51ed4e8e69910263d0c37d9d5b90e83a74ede
5,ef875f3cf0ec9688c090f3dc9ff36e71e495aba0
10,24ee621748aa4f72aac5b5cf247510efdb751dff
7,ce32b3b26dcc978bc219a3cf01351c902155a16f
10,24ee621748aa4f72aac5b5cf247510efdb751dff
8,7492747191b51e7db467d2eb3ab7799c74be0ac1
10,24ee621748aa4f72aac5b5cf247510efdb751dff
8,7492747191b51e7db467d2eb3ab7799c74be0ac1
9,96f2d5fd53de0b91101a95e6ea87f5767e43aa5a
9,96f2d5fd53de0b91101a95e6ea87f5767e43aa5a
10,24ee621748aa4f72aac5b5cf247510efdb751dff
20,5fdb0a0c53c619f459857320bf247e4bc162cab5
41,3b55d9f0ab1415605bc5956bc133bb2aae6ad6a5
20,5fdb0a0c53c619f459857320bf247e4bc162cab5
30,bd9e5a87fd1c1d2ab7d0ce5ab8ad2028b620724d
20,5fdb0a0c53c619f459857320bf247e4bc162cab5
25,ee75958e148df4e3b7cb85d5271d9fc2c36c13da
20,5fdb0a0c53c619f459857320bf247e4bc162cab5
22,d97df661265185da61f736ac2ed4cb59a55b3191
21,00b162ffc680a7c765c8f801c720732f217bbb01
22,d97df661265185da61f736ac2ed4cb59a55b3191
30,bd9e5a87fd1c1d2ab7d0ce5ab8ad2028b620724d
41,3b55d9f0ab1415605bc5956bc133bb2aae6ad6a5
35,cf87e252409851a37787bc43653812b3fa595221
41,3b55d9f0ab1415605bc5956bc133bb2aae6ad6a5
38,08200932b9cc506a56363ca4b4b5cc77ebf1e92d
41,3b55d9f0ab1415605bc5956bc133bb2aae6ad6a5
38,08200932b9cc506a56363ca4b4b5cc77ebf1e92d
39,dc7c3d4e813c872cf893472b103c3efed846a689
39,dc7c3d4e813c872cf893472b103c3efed846a689
41,3b55d9f0ab1415605bc5956bc133bb2aae6ad6a5
39,dc7c3d4e813c872cf893472b103c3efed846a689
40,9e93b4ccbda4abd101ea558db4eb4ce0b289e71b
40,9e93b4ccbda4abd101ea558db4eb4ce0b289e71b
41,3b55d9f0ab1415605bc5956bc133bb2aae6ad6a5
41,3b55d9f0ab1415605bc5956bc133bb2aae6ad6a5
82,b02c015e5dc6e33b7acf44aa5ad2597ff5476188
41,3b55d9f0ab1415605bc5956bc133bb2aae6ad6a5
61,b8dee28408430aed12dfee3867534113fdd46333
41,3b55d9f0ab1415605bc5956bc133bb2aae6ad6a5
51,252158e532eec69b2b88f2d3d5a5a1e586672bce
41,3b55d9f0ab1415605bc5956bc133bb2aae6ad6a5
46,aa6d88ac81555bc222379aadacb099bd7192557c
41,3b55d9f0ab1415605bc5956bc133bb2aae6ad6a5
43,95ab5cc7becf2d7dcaa4e479b7c2a83dd891a5c3
42,465288aef581f7c6f97c1ad5af0ded75629f98f1
43,95ab5cc7becf2d7dcaa4e479b7c2a83dd891a5c3
43,95ab5cc7becf2d7dcaa4e479b7c2a83dd891a5c3
46,aa6d88ac81555bc222379aadacb099bd7192557c
43,95ab5cc7becf2d7dcaa4e479b7c2a83dd891a5c3
44,b0021ef337b7f998f8d72502ec48bf4a3c5ae188
44,b0021ef337b7f998f8d72502ec48bf4a3c5ae188
46,aa6d88ac81555bc222379aadacb099bd7192557c
44,b0021ef337b7f998f8d72502ec48bf4a3c5ae188
45,b7a0fdd999b016be1c37ac11f160d5ab3302b912
46,aa6d88ac81555bc222379aadacb099bd7192557c
51,252158e532eec69b2b88f2d3d5a5a1e586672bce
48,b4681b94ef11d7524d34c0e5c12f09beeb4312b6
51,252158e532eec69b2b88f2d3d5a5a1e586672bce
49,703a315cc8daedca52ae25224ee6cd3cb97a718e
51,252158e532eec69b2b88f2d3d5a5a1e586672bce
50,8c1a9b23ba179eb079a30c686ce8f7fc6eb68ff6
51,252158e532eec69b2b88f2d3d5a5a1e586672bce
51,252158e532eec69b2b88f2d3d5a5a1e586672bce
61,b8dee28408430aed12dfee3867534113fdd46333
51,252158e532eec69b2b88f2d3d5a5a1e586672bce
56,fac4c310f03165e355d1ee8235531f6cf1611804
51,252158e532eec69b2b88f2d3d5a5a1e586672bce
53,998ec14467405912ab6497b571ce9ccd26d0adf9
52,ee1c39b21d369033e1a765bc590ecf2d5245828c
53,998ec14467405912ab6497b571ce9ccd26d0adf9
53,998ec14467405912ab6497b571ce9ccd26d0adf9
56,fac4c310f03165e355d1ee8235531f6cf1611804
53,998ec14467405912ab6497b571ce9ccd26d0adf9
54,67cc87af1d534ae0acae915a6c28c34c51d0c25d
54,67cc87af1d534ae0acae915a6c28c34c51d0c25d
56,fac4c310f03165e355d1ee8235531f6cf1611804
55,1abdfc95ba7d29ee6cdc9a5c08f3f55103d5e361
56,fac4c310f03165e355d1ee8235531f6cf1611804
56,fac4c310f03165e355d1ee8235531f6cf1611804
61,b8dee28408430aed12dfee3867534113fdd46333
56,fac4c310f03165e355d1ee8235531f6cf1611804
58,cc55e72f0ea21136a05082c2d76409d927557d89
56,fac4c310f03165e355d1ee8235531f6cf1611804
57,f290c0f3f40ae984ae6bf90c9883fda9c7d771ba
57,f290c0f3f40ae984ae6bf90c9883fda9c7d771ba
58,cc55e72f0ea21136a05082c2d76409d927557d89
58,cc55e72f0ea21136a05082c2d76409d927557d89
61,b8dee28408430aed12dfee3867534113fdd46333
58,cc55e72f0ea21136a05082c2d76409d927557d89
59,f296a15c8d5c5c2089d3439a34daef9d84d7b4b5
61,b8dee28408430aed12dfee3867534113fdd46333
82,b02c015e5dc6e33b7acf44aa5ad2597ff5476188
61,b8dee28408430aed12dfee3867534113fdd46333
71,bee2f9f3d6e4e3fd6e9ceff37a577c99dcc555b9
61,b8dee28408430aed12dfee3867534113fdd46333
66,ea48635296d981601e49a36adb005f1c04e35aed
61,b8dee28408430aed12dfee3867534113fdd46333
63,087713fe31f27873fa2e97a0d64fcbb4db6a5d42
62,1fd7c93f71addbbbc744a0096d88b2ffeb9eaf8a
63,087713fe31f27873fa2e97a0d64fcbb4db6a5d42
63,087713fe31f27873fa2e97a0d64fcbb4db6a5d42
66,ea48635296d981601e49a36adb005f1c04e35aed
63,087713fe31f27873fa2e97a0d64fcbb4db6a5d42
64,9722fd74c43faebcd4d58e2336f29ebbbb492f40
66,ea48635296d981601e49a36adb005f1c04e35aed
71,bee2f9f3d6e4e3fd6e9ceff37a577c99dcc555b9
66,ea48635296d981601e49a36adb005f1c04e35aed
68,2a9da4f084b512b82524019b722e772809f25a03
66,ea48635296d981601e49a36adb005f1c04e35aed
67,0d033c39c460707fbfcce840fc0b0c9c7c5b86fd
67,0d033c39c460707fbfcce840fc0b0c9c7c5b86fd
68,2a9da4f084b512b82524019b722e772809f25a03
68,2a9da4f084b512b82524019b722e772809f25a03
71,bee2f9f3d6e4e3fd6e9ceff37a577c99dcc555b9
68,2a9da4f084b512b82524019b722e772809f25a03
69,e5fa2e1936d739bf2bdab76bdd1fd4f1d4af67b5
69,e5fa2e1936d739bf2bdab76bdd1fd4f1d4af67b5
71,bee2f9f3d6e4e3fd6e9ceff37a577c99dcc555b9
69,e5fa2e1936d739bf2bdab76bdd1fd4f1d4af67b5
70,2c4a4eed5c75a9b55e08475d54afdb3eb5b4ac2a
70,2c4a4eed5c75a9b55e08475d54afdb3eb5b4ac2a
71,bee2f9f3d6e4e3fd6e9ceff37a577c99dcc555b9
71,bee2f9f3d6e4e3fd6e9ceff37a577c99dcc555b9
82,b02c015e5dc6e33b7acf44aa5ad2597ff5476188
71,bee2f9f3d6e4e3fd6e9ceff37a577c99dcc555b9
76,fa24e88e7126aa3000aa241978d05e46be2ffaba
73,a650aba8ceec186c0917a015b9089aa707ccc032
76,fa24e88e7126aa3000aa241978d05e46be2ffaba
74,e955adc639d6bc48ba22c81847f0b3eb9e18f89d
76,fa24e88e7126aa3000aa241978d05e46be2ffaba
74,e955adc639d6bc48ba22c81847f0b3eb9e18f89d
75,7591e76c392e8a09162ddcf056e68216b90c3d92
75,7591e76c392e8a09162ddcf056e68216b90c3d92
76,fa24e88e7126aa3000aa241978d05e46be2ffaba
76,fa24e88e7126aa3000aa241978d05e46be2ffaba
82,b02c015e5dc6e33b7acf44aa5ad2597ff5476188
76,fa24e88e7126aa3000aa241978d05e46be2ffaba
79,011582703e2015b12370b55da56ee2dda5d6f175
77,62b2f92eee826b21f178cf32e247f8418784bc58
79,011582703e2015b12370b55da56ee2dda5d6f175
79,011582703e2015b12370b55da56ee2dda5d6f175
82,b02c015e5dc6e33b7acf44aa5ad2597ff5476188
79,011582703e2015b12370b55da56ee2dda5d6f175
80,3ff2ce188000fc58de851a1a336c6d6bb8c69fd1
80,3ff2ce188000fc58de851a1a336c6d6bb8c69fd1
82,b02c015e5dc6e33b7acf44aa5ad2597ff5476188
82,b02c015e5dc6e33b7acf44aa5ad2597ff5476188
164,25581bc4d034c8d9eced8a52a18aed36d9cac462
82,b02c015e5dc6e33b7acf44aa5ad2597ff5476188
123,0ad8bdd40e4fa2d7dcc378942e20e47fe00b3316
82,b02c015e5dc6e33b7acf44aa5ad2597ff5476188
102,3902bf058586fcbf56fbd8b150e2523f175b1164
82,b02c015e5dc6e33b7acf44aa5ad2597ff5476188
92,9c81899f5554731b4b1d6086e12ae63321880fa1
87,6627b5305f2ba894456f163be5bd70dd6ba8b484
92,9c81899f5554731b4b1d6086e12ae63321880fa1
87,6627b5305f2ba894456f163be5bd70dd6ba8b484
89,788c17d4b135709ac150e5799641c97c27d8637f
89,788c17d4b135709ac150e5799641c97c27d8637f
92,9c81899f5554731b4b1d6086e12ae63321880fa1
92,9c81899f5554731b4b1d6086e12ae63321880fa1
102,3902bf058586fcbf56fbd8b150e2523f175b1164
92,9c81899f5554731b4b1d6086e12ae63321880fa1
97,5039f83a46498b1bbad2cc1418a7cd56a5478f8d
92,9c81899f5554731b4b1d6086e12ae63321880fa1
94,557637feaa41008aaa10538b422ac36f6bdafdb9
93,1fc1ada474dcdbfddda616656be818d851812a82
94,557637feaa41008aaa10538b422ac36f6bdafdb9
94,557637feaa41008aaa10538b422ac36f6bdafdb9
97,5039f83a46498b1bbad2cc1418a7cd56a5478f8d
95,3942303ce5be4b6ee58bc750db3949b4583aac2a
97,5039f83a46498b1bbad2cc1418a7cd56a5478f8d
95,3942303ce5be4b6ee58bc750db3949b4583aac2a
96,208b1e26b59b8ab888d7cbd8a50b76703b1831df
102,3902bf058586fcbf56fbd8b150e2523f175b1164
123,0ad8bdd40e4fa2d7dcc378942e20e47fe00b3316
112,c701598d0b512060a6d03f8e1350982d9ca42c51
123,0ad8bdd40e4fa2d7dcc378942e20e47fe00b3316
123,0ad8bdd40e4fa2d7dcc378942e20e47fe00b3316
164,25581bc4d034c8d9eced8a52a18aed36d9cac462
123,0ad8bdd40e4fa2d7dcc378942e20e47fe00b3316
143,eba22b45df2714dd04449603419c9d761a05535a
123,0ad8bdd40e4fa2d7dcc378942e20e47fe00b3316
133,d9b37d6bc45ca7bce3a3d5252b6ce3f9d46df417
123,0ad8bdd40e4fa2d7dcc378942e20e47fe00b3316
128,77419dd5c222cf3696e239b1aa33ce13f74d52e9
123,0ad8bdd40e4fa2d7dcc378942e20e47fe00b3316
125,e1bfb30d2b77589595e2ce892966a90aa779bbea
124,5c96107fe7b8407d905304eabc1a0a4c33a8a822
125,e1bfb30d2b77589595e2ce892966a90aa779bbea
133,d9b37d6bc45ca7bce3a3d5252b6ce3f9d46df417
143,eba22b45df2714dd04449603419c9d761a05535a
133,d9b37d6bc45ca7bce3a3d5252b6ce3f9d46df417
138,90c73b968913c3e76d4b849b4e89e0c49ae85c0a
133,d9b37d6bc45ca7bce3a3d5252b6ce3f9d46df417
135,165cd05edb1bc1f33fc73c1c59c0b72dd27e8dc5
133,d9b37d6bc45ca7bce3a3d5252b6ce3f9d46df417
134,c667f26c189f4d89bb774d48f9a0126b4b712bca
134,c667f26c189f4d89bb774d48f9a0126b4b712bca
135,165cd05edb1bc1f33fc73c1c59c0b72dd27e8dc5
138,90c73b968913c3e76d4b849b4e89e0c49ae85c0a
143,eba22b45df2714dd04449603419c9d761a05535a
140,09dca4c861ed30403155bf5c52871c465dfc84de
143,eba22b45df2714dd04449603419c9d761a05535a
140,09dca4c861ed30403155bf5c52871c465dfc84de
141,85df723230f568d626bd28960ce097ae00dc1aa9
143,eba22b45df2714dd04449603419c9d761a05535a
164,25581bc4d034c8d9eced8a52a18aed36d9cac462
143,eba22b45df2714dd04449603419c9d761a05535a
153,4ef68012bbc893e52fc62bdf564a673038d14830
143,eba22b45df2714dd04449603419c9d761a05535a
148,af4b503d37f3bc4a9242aa13ac1f3f504d70f4e3
145,e1585da5a2525da7473c593a7b6a63e339f97034
148,af4b503d37f3bc4a9242aa13ac1f3f504d70f4e3
146,db72e84b72db212b195be023b277e9f4073809bb
148,af4b503d37f3bc4a9242aa13ac1f3f504d70f4e3
148,af4b503d37f3bc4a9242aa13ac1f3f504d70f4e3
153,4ef68012bbc893e52fc62bdf564a673038d14830
150,4345080b0bfc9a63f134d96f535717c6c851a23a
153,4ef68012bbc893e52fc62bdf564a673038d14830
151,cffcebac902f877e3e895dabd7fb3ca6fef68187
153,4ef68012bbc893e52fc62bdf564a673038d14830
152,0abd5f50eb7c687ba5c13b598702262882637805
153,4ef68012bbc893e52fc62bdf564a673038d14830
153,4ef68012bbc893e52fc62bdf564a673038d14830
164,25581bc4d034c8d9eced8a52a18aed36d9cac462
153,4ef68012bbc893e52fc62bdf564a673038d14830
158,77914778880fd0e138f7968a34e32f791d072e5c
155,d71e3989e8631c7ff9401d4d5600bb4d8c192b66
158,77914778880fd0e138f7968a34e32f791d072e5c
156,bacb7b3b18c0cc3ee8e2a85e7364e27becac430b
158,77914778880fd0e138f7968a34e32f791d072e5c
158,77914778880fd0e138f7968a34e32f791d072e5c
164,25581bc4d034c8d9eced8a52a18aed36d9cac462
158,77914778880fd0e138f7968a34e32f791d072e5c
161,4ec5b58fda1f85370b12a8a8525c857dab0da55c
159,fc22da305b2d2f6d162be58493f78623ac04608d
161,4ec5b58fda1f85370b12a8a8525c857dab0da55c
161,4ec5b58fda1f85370b12a8a8525c857dab0da55c
164,25581bc4d034c8d9eced8a52a18aed36d9cac462
161,4ec5b58fda1f85370b12a8a8525c857dab0da55c
162,cab4ae3bbb2c38f0be61b27eb85808f005687cd4
164,25581bc4d034c8d9eced8a52a18aed36d9cac462
329,7da28f4d6a6131f19b30d8f513efadc7be0996a8
164,25581bc4d034c8d9eced8a52a18aed36d9cac462
246,e1d9084374acb58d0a58119c4aaeec9c65dd1e98
164,25581bc4d034c8d9eced8a52a18aed36d9cac462
205,e8cd63c6376013cec140417b65ea2aa3f23c8147
164,25581bc4d034c8d9eced8a52a18aed36d9cac462
184,c10af590385c179815517ce40d0e8b235c90ff01
164,25581bc4d034c8d9eced8a52a18aed36d9cac462
174,f84fae46db7ded8038877c70ed81958b7b654c45
169,a228eb5603ddd8c4e215ec8be83ab85dddba6a69
174,f84fae46db7ded8038877c70ed81958b7b654c45
174,f84fae46db7ded8038877c70ed81958b7b654c45
184,c10af590385c179815517ce40d0e8b235c90ff01
174,f84fae46db7ded8038877c70ed81958b7b654c45
179,37733f0100afb23843eaab01249bd9506ca6eb26
179,37733f0100afb23843eaab01249bd9506ca6eb26
184,c10af590385c179815517ce40d0e8b235c90ff01
181,f0b1ef99eff084a88d4e7ba8c44da7ebe56520eb
184,c10af590385c179815517ce40d0e8b235c90ff01
182,a67cde397e4429b05100bb55ceeade3104bd3384
184,c10af590385c179815517ce40d0e8b235c90ff01
183,aa467a95101f40a33c57cfd3295aad7fe913259f
184,c10af590385c179815517ce40d0e8b235c90ff01
184,c10af590385c179815517ce40d0e8b235c90ff01
205,e8cd63c6376013cec140417b65ea2aa3f23c8147
184,c10af590385c179815517ce40d0e8b235c90ff01
194,4af1afe80bc61d6f895991b5b4c350fe2f34b264
189,00555f89f10804bd6b8dfaebd313d2caebb48241
194,4af1afe80bc61d6f895991b5b4c350fe2f34b264
191,39a287ec7b3dbba92cfca2bf56b786505abeb4f0
194,4af1afe80bc61d6f895991b5b4c350fe2f34b264
205,e8cd63c6376013cec140417b65ea2aa3f23c8147
246,e1d9084374acb58d0a58119c4aaeec9c65dd1e98
205,e8cd63c6376013cec140417b65ea2aa3f23c8147
225,d03d09142c26bda0ab054eb4996a383fef96fa9a
205,e8cd63c6376013cec140417b65ea2aa3f23c8147
215,80a36d2d95bc4a4bbad787e807af7dfc6c792339
215,80a36d2d95bc4a4bbad787e807af7dfc6c792339
225,d03d09142c26bda0ab054eb4996a383fef96fa9a
220,64e45fdfb3da293c7a320dd2f3a6818aea225058
225,d03d09142c26bda0ab054eb4996a383fef96fa9a
225,d03d09142c26bda0ab054eb4996a383fef96fa9a
246,e1d9084374acb58d0a58119c4aaeec9c65dd1e98
225,d03d09142c26bda0ab054eb4996a383fef96fa9a
235,93e325edee0540f2a1923f27e88ccb30c8bc4156
235,93e325edee0540f2a1923f27e88ccb30c8bc4156
246,e1d9084374acb58d0a58119c4aaeec9c65dd1e98
240,043027011611c2227ec44ea4d1b62f39765189c8
246,e1d9084374acb58d0a58119c4aaeec9c65dd1e98
243,34ac9587ae044add646305dce1a6f07c59f6d482
246,e1d9084374acb58d0a58119c4aaeec9c65dd1e98
243,34ac9587ae044add646305dce1a6f07c59f6d482
244,ee5e7f0ddbd9cf2c3cab0daec4e3b9d855ee894b
246,e1d9084374acb58d0a58119c4aaeec9c65dd1e98
329,7da28f4d6a6131f19b30d8f513efadc7be0996a8
246,e1d9084374acb58d0a58119c4aaeec9c65dd1e98
287,37be2ad96b8e00023d4a1c3d25a0c336fbfd1ab5
246,e1d9084374acb58d0a58119c4aaeec9c65dd1e98
266,ca23d690ec3741870b45a88146749fbb0dcbc792
246,e1d9084374acb58d0a58119c4aaeec9c65dd1e98
256,4600dd8cb7f13308af644944babfc1a9aa7c5ced
246,e1d9084374acb58d0a58119c4aaeec9c65dd1e98
251,f9d516c0dd0314595b6d67c67393ed223143602a
246,e1d9084374acb58d0a58119c4aaeec9c65dd1e98
248,254ab1a4713b3da9ddf6dbb7f2d22a2530a842e9
266,ca23d690ec3741870b45a88146749fbb0dcbc792
287,37be2ad96b8e00023d4a1c3d25a0c336fbfd1ab5
266,ca23d690ec3741870b45a88146749fbb0dcbc792
276,56c7cf8d8a0fcfa6a8b6af65065c6b38ab2f6e3a
266,ca23d690ec3741870b45a88146749fbb0dcbc792
271,e63174f65e9757994add1cd8c6c0ab3cc45d3acc
271,e63174f65e9757994add1cd8c6c0ab3cc45d3acc
276,56c7cf8d8a0fcfa6a8b6af65065c6b38ab2f6e3a
287,37be2ad96b8e00023d4a1c3d25a0c336fbfd1ab5
329,7da28f4d6a6131f19b30d8f513efadc7be0996a8
287,37be2ad96b8e00023d4a1c3d25a0c336fbfd1ab5
308,6e72fd0b1f658e5af52d01c6c1bcc03a9b912317
297,f12b464bf438cb74e680b345a44059d65f18b0e5
308,6e72fd0b1f658e5af52d01c6c1bcc03a9b912317
302,65ecc6c389e24cc26b9578bbc073b8a2579261e7
308,6e72fd0b1f658e5af52d01c6c1bcc03a9b912317
305,ee20ed37b98b7b77ab0305fa68498f5dac9c0eef
308,6e72fd0b1f658e5af52d01c6c1bcc03a9b912317
308,6e72fd0b1f658e5af52d01c6c1bcc03a9b912317
329,7da28f4d6a6131f19b30d8f513efadc7be0996a8
329,7da28f4d6a6131f19b30d8f513efadc7be0996a8
659,4e778f627f96c6b66e4bdeb598177e39dddb7d82
329,7da28f4d6a6131f19b30d8f513efadc7be0996a8
494,baa899ce65a72a68b8dd5486a559dc6f4a7012f7
329,7da28f4d6a6131f19b30d8f513efadc7be0996a8
411,2f7d3a678902396cc9efd93086f0952ac1b65326
329,7da28f4d6a6131f19b30d8f513efadc7be0996a8
370,49d3519df1c2229940682472014c9a5025723b99
329,7da28f4d6a6131f19b30d8f513efadc7be0996a8
349,ff089902d4cc3a015883c2976b7bfead37b148a7
349,ff089902d4cc3a015883c2976b7bfead37b148a7
370,49d3519df1c2229940682472014c9a5025723b99
359,5ab19a77ebb438a9260b2fc0305cbaa844eb5558
370,49d3519df1c2229940682472014c9a5025723b99
370,49d3519df1c2229940682472014c9a5025723b99
411,2f7d3a678902396cc9efd93086f0952ac1b65326
370,49d3519df1c2229940682472014c9a5025723b99
390,7e23e64647be3ec8738cd9e5dd6c25ccf56e7e00
370,49d3519df1c2229940682472014c9a5025723b99
380,351b089eba3489b300d9d715007666bf089014bf
380,351b089eba3489b300d9d715007666bf089014bf
390,7e23e64647be3ec8738cd9e5dd6c25ccf56e7e00
390,7e23e64647be3ec8738cd9e5dd6c25ccf56e7e00
411,2f7d3a678902396cc9efd93086f0952ac1b65326
390,7e23e64647be3ec8738cd9e5dd6c25ccf56e7e00
400,838b46c6705a950460579b113d5d4a8056dbcd90
400,838b46c6705a950460579b113d5d4a8056dbcd90
411,2f7d3a678902396cc9efd93086f0952ac1b65326
411,2f7d3a678902396cc9efd93086f0952ac1b65326
494,baa899ce65a72a68b8dd5486a559dc6f4a7012f7
411,2f7d3a678902396cc9efd93086f0952ac1b65326
452,a47722fab40c9c10e47c387684612c36e4a76ea7
411,2f7d3a678902396cc9efd93086f0952ac1b65326
431,8783dce04edbb94e4626f15de062c2aef0899308
421,d0dc6b110519f583216d65b107dd8acbc4e0b35e
431,8783dce04edbb94e4626f15de062c2aef0899308
431,8783dce04edbb94e4626f15de062c2aef0899308
452,a47722fab40c9c10e47c387684612c36e4a76ea7
431,8783dce04edbb94e4626f15de062c2aef0899308
441,8fca66e6dad60a86ba21254936593b28e556b671
441,8fca66e6dad60a86ba21254936593b28e556b671
452,a47722fab40c9c10e47c387684612c36e4a76ea7
452,a47722fab40c9c10e47c387684612c36e4a76ea7
494,baa899ce65a72a68b8dd5486a559dc6f4a7012f7
473,2af3abf725c7bd5f9f98fd74c0090e932481409b
494,baa899ce65a72a68b8dd5486a559dc6f4a7012f7
473,2af3abf725c7bd5f9f98fd74c0090e932481409b
483,18f3ddecaa195d9b6e0cf82a8b5bec28d7e1efab
483,18f3ddecaa195d9b6e0cf82a8b5bec28d7e1efab
494,baa899ce65a72a68b8dd5486a559dc6f4a7012f7
494,baa899ce65a72a68b8dd5486a559dc6f4a7012f7
659,4e778f627f96c6b66e4bdeb598177e39dddb7d82
494,baa899ce65a72a68b8dd5486a559dc6f4a7012f7
576,b7ab291c33b500157e0ab8a2fd9901afa0f5b327
494,baa899ce65a72a68b8dd5486a559dc6f4a7012f7
535,029b187eb045cdfcd4492b85c3d74187ccf8e07f
514,7d68ca55d030bfea771aeea5fd42005a662e341a
535,029b187eb045cdfcd4492b85c3d74187ccf8e07f
514,7d68ca55d030bfea771aeea5fd42005a662e341a
524,ae17bba444d3d17a2c2620f0fa9ac3a951082b1a
519,deadc16052fe30e2ab6e5b7e5ab8d4a58db4cbf4
524,ae17bba444d3d17a2c2620f0fa9ac3a951082b1a
519,deadc16052fe30e2ab6e5b7e5ab8d4a58db4cbf4
521,1728263b93c7305bdb01cc9b8bd8abb6eb8fce95
535,029b187eb045cdfcd4492b85c3d74187ccf8e07f
576,b7ab291c33b500157e0ab8a2fd9901afa0f5b327
535,029b187eb045cdfcd4492b85c3d74187ccf8e07f
555,1ef941312e42a365e3f0ce66c8973694e30595b2
659,4e778f627f96c6b66e4bdeb598177e39dddb7d82
1319,00ccb104748e41b858ad912c812229061e2ddeea
659,4e778f627f96c6b66e4bdeb598177e39dddb7d82
989,6622ac10d846b940a4bfa5e0405d7e92ff8c6641
659,4e778f627f96c6b66e4bdeb598177e39dddb7d82
824,785cf5ef47c2477bc67af3ce8492b12a890b2885
659,4e778f627f96c6b66e4bdeb598177e39dddb7d82
741,d017abd202e91e7d6029f75fb7e718b493de0568
659,4e778f627f96c6b66e4bdeb598177e39dddb7d82
700,213bd38126c7fcbd8023a9474a556633683911c5
741,d017abd202e91e7d6029f75fb7e718b493de0568
824,785cf5ef47c2477bc67af3ce8492b12a890b2885
741,d017abd202e91e7d6029f75fb7e718b493de0568
782,11507a70ea2c3b256363ae97a35058412b76f740
741,d017abd202e91e7d6029f75fb7e718b493de0568
761,750905e885bc941a734b7d0c9d8234d4a3cf6388
741,d017abd202e91e7d6029f75fb7e718b493de0568
751,98119a87b9d48dbe1851c68e0bde157eac6b3909
741,d017abd202e91e7d6029f75fb7e718b493de0568
746,70760edd01a70a066eb99d3eb3e3a144539bd74b
743,cae6517edf6fae632ef9f70929e8717a7896f610
746,70760edd01a70a066eb99d3eb3e3a144539bd74b
744,e29a5ee30a9dc31bcc6d41feb37be736e71973de
746,70760edd01a70a066eb99d3eb3e3a144539bd74b
782,11507a70ea2c3b256363ae97a35058412b76f740
824,785cf5ef47c2477bc67af3ce8492b12a890b2885
824,785cf5ef47c2477bc67af3ce8492b12a890b2885
989,6622ac10d846b940a4bfa5e0405d7e92ff8c6641
824,785cf5ef47c2477bc67af3ce8492b12a890b2885
906,f900f95bacfb46a173414e5760129f36d4a9ef3d
824,785cf5ef47c2477bc67af3ce8492b12a890b2885
865,a96f3563e7fdcf181c6d6a1d62f4ae364ea428e5
844,ef77fcde64813fe7fb1f86722d2a8710535a940f
865,a96f3563e7fdcf181c6d6a1d62f4ae364ea428e5
865,a96f3563e7fdcf181c6d6a1d62f4ae364ea428e5
906,f900f95bacfb46a173414e5760129f36d4a9ef3d
906,f900f95bacfb46a173414e5760129f36d4a9ef3d
989,6622ac10d846b940a4bfa5e0405d7e92ff8c6641
906,f900f95bacfb46a173414e5760129f36d4a9ef3d
947,b241ca6b3eafa8501c217f272f25e16560c598d2
926,aef312225ce2c177f6382e533ea7e8737085f001
947,b241ca6b3eafa8501c217f272f25e16560c598d2
947,b241ca6b3eafa8501c217f272f25e16560c598d2
989,6622ac10d846b940a4bfa5e0405d7e92ff8c6641
989,6622ac10d846b940a4bfa5e0405d7e92ff8c6641
1319,00ccb104748e41b858ad912c812229061e2ddeea
989,6622ac10d846b940a4bfa5e0405d7e92ff8c6641
1154,0334509bb7641e71c7b463539c6e7232a50a6e18
989,6622ac10d846b940a4bfa5e0405d7e92ff8c6641
1071,da64b99f78f5216f912ba64e204c103a6c8c04d2
1071,da64b99f78f5216f912ba64e204c103a6c8c04d2
1154,0334509bb7641e71c7b463539c6e7232a50a6e18
1154,0334509bb7641e71c7b463539c6e7232a50a6e18
1319,00ccb104748e41b858ad912c812229061e2ddeea
1154,0334509bb7641e71c7b463539c6e7232a50a6e18
1236,8e83aab8ae06baf111575cc9701f5e0a9242735e
1236,8e83aab8ae06baf111575cc9701f5e0a9242735e
1319,00ccb104748e41b858ad912c812229061e2ddeea
1277,3e40f664f801f4954c91b46b4c2098ac8857149c
1319,00ccb104748e41b858ad912c812229061e2ddeea
1277,3e40f664f801f4954c91b46b4c2098ac8857149c
1298,8663053ba239c6c9722e2fc9546e7c3a74ec2d83
1319,00ccb104748e41b858ad912c812229061e2ddeea
2638,b05a70c06d42a0344d1204d90d3f94d63b7b27f9
1319,00ccb104748e41b858ad912c812229061e2ddeea
1978,225569e15f42fbb7ee35c2cefbef752b0008d47c
1319,00ccb104748e41b858ad912c812229061e2ddeea
1648,23a09b8a7c2f991ffb085f1a7daf82bf5297c860
1319,00ccb104748e41b858ad912c812229061e2ddeea
1483,8b174c625031fd529ac9c350db799d18a644f304
1319,00ccb104748e41b858ad912c812229061e2ddeea
1401,1170eac1233a37bd7e165382001fc3ab67ff5008
1483,8b174c625031fd529ac9c350db799d18a644f304
1648,23a09b8a7c2f991ffb085f1a7daf82bf5297c860
1565,2f4281b0f1251d8161fb228a22bd54053275da91
1648,23a09b8a7c2f991ffb085f1a7daf82bf5297c860
1648,23a09b8a7c2f991ffb085f1a7daf82bf5297c860
1978,225569e15f42fbb7ee35c2cefbef752b0008d47c
1648,23a09b8a7c2f991ffb085f1a7daf82bf5297c860
1813,b6333e30753dcf9b7883523708f76007d7704136
1730,abf1af5a829c1f60753ad7c9c07ab6d2867fa820
1813,b6333e30753dcf9b7883523708f76007d7704136
1813,b6333e30753dcf9b7883523708f76007d7704136
1978,225569e15f42fbb7ee35c2cefbef752b0008d47c
1813,b6333e30753dcf9b7883523708f76007d7704136
1895,bfa24961e3aaeb89c3918e71df5b1f643ab22b23
1978,225569e15f42fbb7ee35c2cefbef752b0008d47c
2638,b05a70c06d42a0344d1204d90d3f94d63b7b27f9
1978,225569e15f42fbb7ee35c2cefbef752b0008d47c
2308,6514f6591278afdb967798c8cebbfe2e662a8558
1978,225569e15f42fbb7ee35c2cefbef752b0008d47c
2143,b986f7a8fb40ccee057877c5d5097e4fba9760db
1978,225569e15f42fbb7ee35c2cefbef752b0008d47c
2060,2b1381b020fe8b39dbbbffa3b3113367eee6c089
2638,b05a70c06d42a0344d1204d90d3f94d63b7b27f9
5276,a196cb1c1cb6a6e8d5b6a4b2d5948912a1eb0dc5
2638,b05a70c06d42a0344d1204d90d3f94d63b7b27f9
3957,dfc61402128963ce96ed14606d6a36a8c990f514
2638,b05a70c06d42a0344d1204d90d3f94d63b7b27f9
3297,e3b06322f5f304f2133d5af49d95853141acace4
2638,b05a70c06d42a0344d1204d90d3f94d63b7b27f9
2967,3ac1798967bf8e91b1120a330fcb71ddab7cb0be
2638,b05a70c06d42a0344d1204d90d3f94d63b7b27f9
2802,52c8e6290205e626099d1f0b35ea93cb63978481
2720,8c99d12ed03d8b8b877762daba85f279c1439ddd
2802,52c8e6290205e626099d1f0b35ea93cb63978481
2720,8c99d12ed03d8b8b877762daba85f279c1439ddd
2761,2d8021b0764530a9e92240ae29c4b5f1d70d53dd
2720,8c99d12ed03d8b8b877762daba85f279c1439ddd
2740,66234d7532dacbf124fb9043b7f421d3a8f9cc02
2730,9655bbe985528d55c90fa17bfd2b15c30562c72b
2740,66234d7532dacbf124fb9043b7f421d3a8f9cc02
2730,9655bbe985528d55c90fa17bfd2b15c30562c72b
2735,4537e9c023c9a797d4a32662633203068997b5fc
2732,0d94485b870a0fc1bad0e12ac9208d4df2ee35e4
2735,4537e9c023c9a797d4a32662633203068997b5fc
2733,226cdcf8538c9fe678ac5d4c4bf3389ecf1c31e7
2735,4537e9c023c9a797d4a32662633203068997b5fc
2733,226cdcf8538c9fe678ac5d4c4bf3389ecf1c31e7
2734,486e9c728ebc4d984068190ae8ddf2d94ee1d8d8
2967,3ac1798967bf8e91b1120a330fcb71ddab7cb0be
3297,e3b06322f5f304f2133d5af49d95853141acace4
2967,3ac1798967bf8e91b1120a330fcb71ddab7cb0be
3132,3550badc18843dbe4a7185974014b6b2db1dcd78
3297,e3b06322f5f304f2133d5af49d95853141acace4
3957,dfc61402128963ce96ed14606d6a36a8c990f514
3297,e3b06322f5f304f2133d5af49d95853141acace4
3627,9ca23dc8b16da96343af5828018d69e8d8940e88
3297,e3b06322f5f304f2133d5af49d95853141acace4
3462,585bcf2c7813cfe98b9a62b3fcc6b704c17ab6b6
3379,9a3dea94a0ad6dd2ac0ef90a32218d69f4797a13
3462,585bcf2c7813cfe98b9a62b3fcc6b704c17ab6b6
3379,9a3dea94a0ad6dd2ac0ef90a32218d69f4797a13
3420,0f3f57d5099a96cb71cb7a9f0430426b7ab9b4a5
3627,9ca23dc8b16da96343af5828018d69e8d8940e88
3957,dfc61402128963ce96ed14606d6a36a8c990f514
3627,9ca23dc8b16da96343af5828018d69e8d8940e88
3792,05dcab733e1aa304a51317399aacfeff61ff2ca1
3627,9ca23dc8b16da96343af5828018d69e8d8940e88
3709,2738451e6a1341779d9b944f019250793e44115c
3709,2738451e6a1341779d9b944f019250793e44115c
3792,05dcab733e1aa304a51317399aacfeff61ff2ca1
3792,05dcab733e1aa304a51317399aacfeff61ff2ca1
3957,dfc61402128963ce96ed14606d6a36a8c990f514
3792,05dcab733e1aa304a51317399aacfeff61ff2ca1
3874,b6dbc9b825313fbacdef4dd7269e4e2ce78879a8
3957,dfc61402128963ce96ed14606d6a36a8c990f514
5276,a196cb1c1cb6a6e8d5b6a4b2d5948912a1eb0dc5
3957,dfc61402128963ce96ed14606d6a36a8c990f514
4616,fbd9d7eb35ebf73526fcc2106a47feeb06a30694
3957,dfc61402128963ce96ed14606d6a36a8c990f514
4286,39d94e335e5c8b3d6b7ed776f6f52875c2bc367a
3957,dfc61402128963ce96ed14606d6a36a8c990f514
4121,6920d3147fe865feacaee91265184108a69754de
4286,39d94e335e5c8b3d6b7ed776f6f52875c2bc367a
4616,fbd9d7eb35ebf73526fcc2106a47feeb06a30694
4286,39d94e335e5c8b3d6b7ed776f6f52875c2bc367a
4451,bac371a6f220214e777352c7e5037ee4b2537e92
4451,bac371a6f220214e777352c7e5037ee4b2537e92
4616,fbd9d7eb35ebf73526fcc2106a47feeb06a30694
4616,fbd9d7eb35ebf73526fcc2106a47feeb06a30694
5276,a196cb1c1cb6a6e8d5b6a4b2d5948912a1eb0dc5
4616,fbd9d7eb35ebf73526fcc2106a47feeb06a30694
4946,5aa27fc447a60145992f73e0e0cb71e13f30858c
5276,a196cb1c1cb6a6e8d5b6a4b2d5948912a1eb0dc5
10553,9748aa3eae7d895895ca9b2d7297858f3d28b5e1
5276,a196cb1c1cb6a6e8d5b6a4b2d5948912a1eb0dc5
7914,83629c75b8bc2e1d6e421c3b18ea96873ce69502
5276,a196cb1c1cb6a6e8d5b6a4b2d5948912a1eb0dc5
6595,e357a73b66df7a7c298290192fcb32f64bd506b8
5276,a196cb1c1cb6a6e8d5b6a4b2d5948912a1eb0dc5
5935,e17b962d859cc7b01508582686b5294dd9dd56f2
5276,a196cb1c1cb6a6e8d5b6a4b2d5948912a1eb0dc5
5605,71e9e4ffa958afd157ba34060af2f5476543c2a1
5276,a196cb1c1cb6a6e8d5b6a4b2d5948912a1eb0dc5
5440,240df87b275e18b3d3afb38d7b6ef967b9063127
5605,71e9e4ffa958afd157ba34060af2f5476543c2a1
5935,e17b962d859cc7b01508582686b5294dd9dd56f2
5605,71e9e4ffa958afd157ba34060af2f5476543c2a1
5770,c57c84edc445efb217c4df4401e2f0210d2901a5
5605,71e9e4ffa958afd157ba34060af2f5476543c2a1
5687,6441c0e861205c29802b06f1e9490d949132543c
5605,71e9e4ffa958afd157ba34060af2f5476543c2a1
5646,7a55b2420c7c9a70afdc7092d0d420851cd17855
5625,d49373c2588a07b2005db7a168fddb29d4c0b88b
5646,7a55b2420c7c9a70afdc7092d0d420851cd17855
5625,d49373c2588a07b2005db7a168fddb29d4c0b88b
5635,6b38437eb2df3a0027a6d4c85055dc3aea4eb61a
5630,1b1f6047614dd16e6c515cee9675e26e486de91a
5635,6b38437eb2df3a0027a6d4c85055dc3aea4eb61a
5630,1b1f6047614dd16e6c515cee9675e26e486de91a
5632,a139092a3d30c6e557c8da9cc697f6cc21212e80
5631,e969c4fb0fc83280f8f2fc87d9905034553ed9e1
5632,a139092a3d30c6e557c8da9cc697f6cc21212e80
5935,e17b962d859cc7b01508582686b5294dd9dd56f2
6595,e357a73b66df7a7c298290192fcb32f64bd506b8
6595,e357a73b66df7a7c298290192fcb32f64bd506b8
7914,83629c75b8bc2e1d6e421c3b18ea96873ce69502
6595,e357a73b66df7a7c298290192fcb32f64bd506b8
7254,e29463f28cdf709f08e159e1550ebb7f5a76880b
6595,e357a73b66df7a7c298290192fcb32f64bd506b8
6924,c8d4d4b10c8f08b5a7f3303154fb441871912de5
6924,c8d4d4b10c8f08b5a7f3303154fb441871912de5
7254,e29463f28cdf709f08e159e1550ebb7f5a76880b
6924,c8d4d4b10c8f08b5a7f3303154fb441871912de5
7089,1a5b963a1dad1637d2110e3ae874f0a8eabdccc0
7089,1a5b963a1dad1637d2110e3ae874f0a8eabdccc0
7254,e29463f28cdf709f08e159e1550ebb7f5a76880b
7089,1a5b963a1dad1637d2110e3ae874f0a8eabdccc0
7171,ab62776f6d51e7df29d13f39263346877312b9dc
7089,1a5b963a1dad1637d2110e3ae874f0a8eabdccc0
7130,843b3e07ff27aa80669f681134fca19d80b684f6
7109,d7a8569ff5c7a565c548a4e391f536817745560f
7130,843b3e07ff27aa80669f681134fca19d80b684f6
7119,bcf25958b19c75f7861ace23ff2010a5290f13b5
7130,843b3e07ff27aa80669f681134fca19d80b684f6
7119,bcf25958b19c75f7861ace23ff2010a5290f13b5
7124,9615270dbb215a22bcbbc6c825f0125b73d8c1ea
7121,36149105dbd780b9357081fb1a5d64cadf5e6998
7124,9615270dbb215a22bcbbc6c825f0125b73d8c1ea
7122,33b53819b7b9aa32d970ac8d243a83a18483f50f
7124,9615270dbb215a22bcbbc6c825f0125b73d8c1ea
7123,ae5702e1c565fb80d2692dc17689034fd42de43a
7124,9615270dbb215a22bcbbc6c825f0125b73d8c1ea
7130,843b3e07ff27aa80669f681134fca19d80b684f6
7171,ab62776f6d51e7df29d13f39263346877312b9dc
7150,e5de3346d22792c48cd2dc16c773258fa816add1
7171,ab62776f6d51e7df29d13f39263346877312b9dc
7254,e29463f28cdf709f08e159e1550ebb7f5a76880b
7914,83629c75b8bc2e1d6e421c3b18ea96873ce69502
7254,e29463f28cdf709f08e159e1550ebb7f5a76880b
7584,3196148ff2d4a7506417ca63b7980ac4e98db6d8
7254,e29463f28cdf709f08e159e1550ebb7f5a76880b
7419,a090f9ac4ec38b1ad9fe4e0adee4da0bd0b24948
7254,e29463f28cdf709f08e159e1550ebb7f5a76880b
7336,061d1383fd5ee87e26f06b27de83b80bb2431474
7254,e29463f28cdf709f08e159e1550ebb7f5a76880b
7295,d532ab03856a568807543ae332e9e186e41a0235
7254,e29463f28cdf709f08e159e1550ebb7f5a76880b
7274,cd427f45d132c94b6b9dce5e06b529ebd6ba2382
7254,e29463f28cdf709f08e159e1550ebb7f5a76880b
7264,c166a40f219291ed7a1728cad53e170f09ef57a0
7254,e29463f28cdf709f08e159e1550ebb7f5a76880b
7259,22d3a24266130666296319682f96d0e3417c8856
7584,3196148ff2d4a7506417ca63b7980ac4e98db6d8
7914,83629c75b8bc2e1d6e421c3b18ea96873ce69502
7584,3196148ff2d4a7506417ca63b7980ac4e98db6d8
7749,b27efb2ae8f41ba9aff999f71f51db9d2f86c56c
7914,83629c75b8bc2e1d6e421c3b18ea96873ce69502
10553,9748aa3eae7d895895ca9b2d7297858f3d28b5e1
7914,83629c75b8bc2e1d6e421c3b18ea96873ce69502
9233,7875d81c224a967de848a208f4fcc2de74defbec
7914,83629c75b8bc2e1d6e421c3b18ea96873ce69502
8573,ad32958b37e09a953fc53be995e6bd0d3b92c9fd
7914,83629c75b8bc2e1d6e421c3b18ea96873ce69502
8243,ac9d4be6f2db3ff18aaed0e4833d2109946d035d
7914,83629c75b8bc2e1d6e421c3b18ea96873ce69502
8078,484314614387fc53cbc6491e35a5b3ce9ff1b5b7
7996,f7f968a833177cff2d541c41629b92a79dfd6c01
8078,484314614387fc53cbc6491e35a5b3ce9ff1b5b7
8078,484314614387fc53cbc6491e35a5b3ce9ff1b5b7
8243,ac9d4be6f2db3ff18aaed0e4833d2109946d035d
8078,484314614387fc53cbc6491e35a5b3ce9ff1b5b7
8160,979d8279819eb0bb958d894e6bec3a7b35effa5e
8119,2d9190f726b53ed112df4b0154c45ff97e8ab70d
8160,979d8279819eb0bb958d894e6bec3a7b35effa5e
8119,2d9190f726b53ed112df4b0154c45ff97e8ab70d
8139,bf7a32d531c608f235c4e0d5e87cfec4f4e9beb4
8129,0dcd20152632619b5959aa330feccb7024e6a7df
8139,bf7a32d531c608f235c4e0d5e87cfec4f4e9beb4
8129,0dcd20152632619b5959aa330feccb7024e6a7df
8134,e30e7432487b1f460721c9d84a1a5cbe3666db4c
8131,04508bea73bfac81de75a4d4ec460b29b981483d
8134,e30e7432487b1f460721c9d84a1a5cbe3666db4c
8132,733f080c47af93fedceb6fba032cc59c6db0cb0f
8134,e30e7432487b1f460721c9d84a1a5cbe3666db4c
8132,733f080c47af93fedceb6fba032cc59c6db0cb0f
8133,0d855f5e20dfec6cf7812ec57807d813d2e55498
8160,979d8279819eb0bb958d894e6bec3a7b35effa5e
8243,ac9d4be6f2db3ff18aaed0e4833d2109946d035d
8160,979d8279819eb0bb958d894e6bec3a7b35effa5e
8201,5f6f891669ef5c4d8540bac277f6d07add4abade
8180,63ccecba24db96ede10ab98386a445be06a57bdb
8201,5f6f891669ef5c4d8540bac277f6d07add4abade
8190,6e5900f5530072b1b3bb0ed0857f95d534ece6da
8201,5f6f891669ef5c4d8540bac277f6d07add4abade
8190,6e5900f5530072b1b3bb0ed0857f95d534ece6da
8195,fef2762a1d068fb1fd043444be4ffcddf2688bbb
8192,91ea808c61abf78397f118a90ffb2014927f726f
8195,fef2762a1d068fb1fd043444be4ffcddf2688bbb
8193,64f4659de5a8ff507d34d150467aaca3539bc140
8195,fef2762a1d068fb1fd043444be4ffcddf2688bbb
8193,64f4659de5a8ff507d34d150467aaca3539bc140
8194,0fa68a0f74153c45ad895269836861f3f1215612
9233,7875d81c224a967de848a208f4fcc2de74defbec
10553,9748aa3eae7d895895ca9b2d7297858f3d28b5e1
9893,68a21d3c7f041c79d9c58a0ea2d3a8a23d95e475
10553,9748aa3eae7d895895ca9b2d7297858f3d28b5e1
9893,68a21d3c7f041c79d9c58a0ea2d3a8a23d95e475
10223,1da36ac5eea4c1d397ed74b976a801ec6ec40036
9893,68a21d3c7f041c79d9c58a0ea2d3a8a23d95e475
10058,3997e6575fbaa3e140ff13e1527d74c54e558990
9975,356778a79b235970e4426e62bf9b07b103624f9e
10058,3997e6575fbaa3e140ff13e1527d74c54e558990
9975,356778a79b235970e4426e62bf9b07b103624f9e
10016,452bc30423fe8e7e135deb73ebfb36ec969f84e9
9975,356778a79b235970e4426e62bf9b07b103624f9e
9995,a6aa5c77d8d6f89395f0932c4b5f66c9a72c2c50
9985,e5f15f482c8aafd5a71cf641c16223ae913b9886
9995,a6aa5c77d8d6f89395f0932c4b5f66c9a72c2c50
9990,93580a34c5b768ff22279466b64fd764bae2276a
9995,a6aa5c77d8d6f89395f0932c4b5f66c9a72c2c50
9992,3bafb0633584b1958410071be2822c380b76e22d
9995,a6aa5c77d8d6f89395f0932c4b5f66c9a72c2c50
9993,d394a9ee4268ec90ecc1c88653aa66334aad6add
9995,a6aa5c77d8d6f89395f0932c4b5f66c9a72c2c50
9994,1b55f97a74dcad50e71726c13e61a77c6784c3b5
9995,a6aa5c77d8d6f89395f0932c4b5f66c9a72c2c50
